phone_name,url,brand,price_inr,launch_date,operating_system,chipset,ram,storage,rear_camera,front_camera,battery,fast_charging,display,display_type,resolution,sim_type,network_support,bluetooth,nfc,source,list_price_inr
Samsung Galaxy Z Fold7,https://www.91mobiles.com/samsung-galaxy-z-fold-7-price-in-india,samsung,174999,25-Jul-25,Android v16,Qualcomm Snapdragon 8 Elite SM8750,12 GB / 16 GB,256 GB / 512 GB / 1 TB,200 MP + 12 MP + 10 MP,10 MP,4400 mAh,"Yes, 25W Fast Charging, 50% in 30 minutes","8.0"", 1968 x 2184 Resolution",Dynamic AMOLED 2x,1968x2184 px,"SIM1: Nano, SIM2: Nano","5G, 4G","Yes, v5.4",Yes,product+list,174999.0
Samsung Galaxy Z Flip7,https://www.91mobiles.com/samsung-galaxy-z-flip-7-price-in-india,samsung,109999,25-Jul-25,Android v16,Samsung Exynos 2500,12 GB,256 GB / 512 GB,50 MP + 12 MP,10 MP,4300 mAh,"Yes, 25W Fast Charging, 50% in 30 minutes","6.9"", 1080 x 2520 Resolution",Dynamic AMOLED 2x,1080x2520 px (FHD),"SIM1: Nano, SIM2: eSIM","5G, 4G","Yes, v5.4",Yes,product+list,121999.0
Samsung Galaxy S25 Ultra,https://www.91mobiles.com/samsung-galaxy-s25-ultra-price-in-india,samsung,118999,22-Jan-25,Android v15,Qualcomm Snapdragon 8 Elite,12 GB,256 GB / 512 GB / 1 TB,200 MP + 50 MP + 10 MP + 50 MP,12 MP,5000 mAh,"Yes, 45W Fast Charging, 65% in 30 minutes","6.9"", 1440 x 3120 Resolution",Dynamic AMOLED 2x,1440x3120 px (QHD+),"SIM1: Nano, SIM2: eSIM","5G, 4G","Yes, v5.4",Yes,product+list,141999.0
Samsung Galaxy S26 Ultra,https://www.91mobiles.com/samsung-galaxy-s26-ultra-price-in-india,samsung,126790,25-Feb-26,Android v16,Qualcomm Snapdragon 8 Elite Gen 5 SM8850-AC,12 GB / 16 GB,256 GB / 512 GB / 1 TB,200 MP + 10 MP + 50 MP + 50 MP,12 MP,5000 mAh,"Yes, 60W Super Fast Charging v3.0, 75% in 30 minutes","6.9"", 1440 x 3120 Resolution",Dynamic AMOLED 2x,1440x3120 px (QHD+),"SIM1: Nano, SIM2: eSIM","5G, 4G","Yes, v6.0",Yes,product+list,126790.0
Samsung Galaxy A57 5G,https://www.91mobiles.com/samsung-galaxy-a57-price-in-india,samsung,56999,25-Mar-26,Android v16,Samsung Exynos 1680,8 GB / 12 GB,256 GB,50 MP + 12 MP + 5 MP,12 MP,5000 mAh,"Yes, 45W Fast Charging, 60% in 30 minutes","6.7"", 1080 x 2340 Resolution",Super AMOLED Plus,1080x2340 px (FHD+),"SIM1: Nano, SIM2: Nano/eSIM","5G, 4G","Yes, v6.0",Yes,product+list,56999.0
Samsung Galaxy M17e 5G,https://www.91mobiles.com/samsung-galaxy-m17e-price-in-india,samsung,12999,17-Mar-26,Android v16,MediaTek Dimensity 6300 MT6835,4 GB / 6 GB,128 GB,50 MP + 2 MP,8 MP,6000 mAh,"Yes, 25W Fast Charging","6.7"", 720 x 1600 Resolution",IPS LCD,720x1600 px (HD+),"SIM1: Nano, SIM2: Nano","5G, 4G","Yes, v5.3",No,product+list,12999.0
Samsung Galaxy S26,https://www.91mobiles.com/samsung-galaxy-s26-price-in-india,samsung,75160,25-Feb-26,Android v16,Samsung Exynos 2600 S5E9965,12 GB,256 GB / 512 GB,50 MP + 12 MP + 10 MP,12 MP,4300 mAh,"Yes, 25W Fast Charging v2.0, 55% in 30 minutes","6.3"", 1080 x 2340 Resolution",Dynamic AMOLED 2x,1080x2340 px (FHD+),"SIM1: Nano, SIM2: Nano/eSIM","5G, 4G","Yes, v5.4",Yes,product+list,75150.0
Samsung Galaxy A37 5G,https://www.91mobiles.com/samsung-galaxy-a37-price-in-india,samsung,38990,25-Mar-26,Android v16,Samsung Exynos 1480,8 GB / 12 GB,128 GB / 256 GB,50 MP + 8 MP + 5 MP,12 MP,5000 mAh,"Yes, 45W, 60% in 30 minutes","6.7"", 1080 x 2340 Resolution",Super AMOLED,1080x2340 px (FHD+),"SIM1: Nano, SIM2: Nano","5G, 4G","Yes, v6.0",Yes,product+list,38990.0
Samsung Galaxy A17 5G,https://www.91mobiles.com/samsung-galaxy-a17-price-in-india,samsung,18400,29-Aug-25,Android v15,Samsung Exynos 1330,6 GB / 8 GB,128 GB / 256 GB,50 MP + 5 MP + 2 MP,13 MP,5000 mAh,"Yes, 25W Fast Charging","6.7"", 1080 x 2340 Resolution",Super AMOLED,1080x2340 px (FHD+),"SIM1: Nano, SIM2: Nano (Hybrid)","5G, 4G","Yes, v5.3",Yes,product+list,18400.0
Samsung Galaxy A35 5G,https://www.91mobiles.com/samsung-galaxy-a35-price-in-india,samsung,26998,14-Mar-24,Android v14,Samsung Exynos 1380,8 GB,128 GB / 256 GB,50 MP + 8 MP + 5 MP,13 MP,5000 mAh,"Yes, 25W Fast Charging","6.6"", 1080 x 2340 Resolution",Super AMOLED,1080x2340 px (FHD+),"SIM1: Nano, SIM2: Nano (Hybrid)","5G, 4G","Yes, v5.3",Yes,product+list,24999.0
Samsung Galaxy S24 FE,https://www.91mobiles.com/samsung-galaxy-s24-fe-price-in-india,samsung,39999,27-Sep-24,Android v14,Samsung Exynos 2400e,8 GB,128 GB / 256 GB,50 MP + 12 MP + 8 MP,10 MP,4700 mAh,"Yes, 25W Fast Charging, 50% in 30 minutes","6.7"", 1080 x 2340 Resolution",Dynamic AMOLED 2x,1080x2340 px (FHD+),"SIM1: Nano, SIM2: eSIM","5G, 4G","Yes, v5.3",Yes,product+list,39398.0
Samsung Galaxy M56 5G,https://www.91mobiles.com/samsung-galaxy-m56-price-in-india,samsung,21999,23-Apr-25,Android v15,Samsung Exynos 1480,8 GB,128 GB / 256 GB,50 MP + 8 MP + 2 MP,12 MP,5000 mAh,"Yes, 45W Fast Charging","6.7"", 1080 x 2340 Resolution",Super AMOLED Plus,1080x2340 px (FHD+),"SIM1: Nano, SIM2: Nano","5G, 4G","Yes, v5.3",Yes,product+list,21999.0
Samsung Galaxy M17 5G,https://www.91mobiles.com/samsung-galaxy-m17-price-in-india,samsung,13999,13-Oct-25,Android v15,Samsung Exynos 1330,4 GB / 6 GB / 8 GB,128 GB,50 MP + 5 MP + 2 MP,13 MP,5000 mAh,"Yes, 25W Fast Charging","6.7"", 1080 x 2340 Resolution",Super AMOLED,1080x2340 px (FHD+),"SIM1: Nano, SIM2: Nano (Hybrid)","5G, 4G","Yes, v5.3",Yes,product+list,13999.0
Samsung Galaxy S25 FE,https://www.91mobiles.com/samsung-galaxy-s25-fe-price-in-india,samsung,50749,04-Sep-25,Android v16,Samsung Exynos 2400 S5E9945,8 GB,128 GB / 256 GB / 512 GB,50 MP + 12 MP + 8 MP,12 MP,4900 mAh,"Yes, 45W Fast Charging v2.0, 65% in 30 minutes","6.7"", 1080 x 2340 Resolution",Dynamic AMOLED 2x,1080x2340 px (FHD+),"SIM1: Nano, SIM2: eSIM","5G, 4G","Yes, v5.4",Yes,product+list,50749.0
Samsung Galaxy S24 5G,https://www.91mobiles.com/samsung-galaxy-s24-5g-price-in-india,samsung,60989,18-Jan-24,Android v14,Samsung Exynos 2400,8 GB,128 GB / 256 GB / 512 GB,50 MP + 12 MP + 10 MP,12 MP,4000 mAh,"Yes, 25W Fast Charging, 50% in 30 minutes","6.2"", 1080 x 2340 Resolution",Dynamic AMOLED 2x,1080x2340 px (FHD+),"SIM1: Nano, SIM2: eSIM","5G, 4G","Yes, v5.3",Yes,product+list,60989.0
Samsung Galaxy A55 5G,https://www.91mobiles.com/samsung-galaxy-a55-price-in-india,samsung,39999,14-Mar-24,Android v14,Samsung Exynos 1480,8 GB / 12 GB,128 GB / 256 GB,50 MP + 12 MP + 5 MP,32 MP,5000 mAh,"Yes, 25W Fast Charging","6.6"", 1080 x 2340 Resolution",Super AMOLED,1080x2340 px (FHD+),"SIM1: Nano, SIM2: Nano (Hybrid)","5G, 4G","Yes, v5.3",Yes,product+list,39999.0
Samsung Galaxy S25,https://www.91mobiles.com/samsung-galaxy-s25-price-in-india,samsung,74999,22-Jan-25,Android v15,Qualcomm Snapdragon 8 Elite,12 GB,128 GB / 256 GB / 512 GB,50 MP + 12 MP + 10 MP,12 MP,4000 mAh,"Yes, 25W Fast Charging, 50% in 30 minutes","6.2"", 1080 x 2340 Resolution",Dynamic AMOLED 2x,1080x2340 px (FHD+),"SIM1: Nano, SIM2: eSIM","5G, 4G","Yes, v5.4",Yes,product+list,74999.0
Samsung Galaxy A56 5G,https://www.91mobiles.com/samsung-galaxy-a56-price-in-india,samsung,38999,02-Mar-25,Android v15,Samsung Exynos 1580,8 GB / 12 GB,128 GB / 256 GB,50 MP + 12 MP + 5 MP,12 MP,5000 mAh,"Yes, 45W Super Fast Charging, 65% in 30 minutes","6.7"", 1080 x 2340 Resolution",Super AMOLED,1080x2340 px (FHD+),"SIM1: Nano, SIM2: Nano","5G, 4G","Yes, v5.3",Yes,product+list,38999.0
Samsung Galaxy A36 5G,https://www.91mobiles.com/samsung-galaxy-a36-price-in-india,samsung,30999,02-Mar-25,Android v15,Qualcomm Snapdragon 6 Gen 3,8 GB / 12 GB,128 GB / 256 GB,50 MP + 8 MP + 5 MP,12 MP,5000 mAh,"Yes, 45W Super Fast Charging, 66% in 30 minutes","6.7"", 1080 x 2340 Resolution",Super AMOLED,1080x2340 px (FHD+),"SIM1: Nano, SIM2: Nano","5G, 4G","Yes, v5.4",Yes,product+list,31990.0
Samsung Galaxy S24 Ultra,https://www.91mobiles.com/samsung-galaxy-s24-ultra-price-in-india,samsung,119999,18-Jan-24,Android v14,Qualcomm Snapdragon 8 Gen 3,12 GB,256 GB / 512 GB / 1 TB,200 MP + 12 MP + 10 MP + 50 MP,12 MP,5000 mAh,"Yes, 45W Fast Charging, 65% in 30 minutes","6.8"", 1440 x 3120 Resolution",Dynamic AMOLED 2x,1440x3120 px (QHD+),"SIM1: Nano, SIM2: eSIM","5G, 4G","Yes, v5.3",Yes,product+list,119999.0
Apple iPhone 17,https://www.91mobiles.com/apple-iphone-17-price-in-india,apple,82900,19-Sep-25,iOS v26,Apple A19,8 GB,256 GB / 512 GB,48 MP + 48 MP,18 MP,3692 mAh,"Yes, 40W Fast Charging, 50% in 20 minutes","6.3"", 1206 x 2622 Resolution",Super Retina XDR OLED,1206x2622 px (FHD+),"SIM1: Nano, SIM2: eSIM","5G, 4G","Yes, v6.0",Yes,product+list,82900.0
Apple iPhone 16,https://www.91mobiles.com/apple-iphone-16-price-in-india,apple,69900,13-Sep-24,iOS v18,Apple A18,8 GB,128 GB / 256 GB / 512 GB,48 MP + 12 MP,12 MP,3561 mAh,"Yes, 20W Fast Charging, 50% in 30 minutes","6.1"", 1179 x 2556 Resolution",Super Retina XDR,1179x2556 px (FHD+),"SIM1: Nano, SIM2: eSIM","5G, 4G","Yes, v5.3",Yes,product+list,69900.0
Apple iPhone 15,https://www.91mobiles.com/apple-iphone-15-price-in-india,apple,59900,13-Sep-23,iOS v17,Apple A16 Bionic,6 GB,128 GB / 256 GB / 512 GB,48 MP + 12 MP,12 MP,3349 mAh,"Yes, 20W Fast Charging, 50% in 30 minutes","6.1"", 1179 x 2556 Resolution",Super Retina XDR,1179x2556 px (FHD+),"SIM1: Nano, SIM2: eSIM","5G, 4G","Yes, v5.3",Yes,product+list,59900.0
Apple iPhone 17 Pro Max,https://www.91mobiles.com/apple-iphone-17-pro-max-price-in-india,apple,149900,19-Sep-25,iOS v26,Apple A19 Pro,12 GB,256 GB / 512 GB / 1 TB / 2 TB,48 MP + 48 MP + 48 MP,18 MP,4832 mAh,"Yes, 40W Fast Charging, 50% in 20 minutes","6.9"", 1320 x 2868 Resolution",Super Retina XDR OLED,1320x2868 px (FHD+),"SIM1: Nano, SIM2: eSIM","5G, 4G","Yes, v6.0",Yes,product+list,149900.0
Apple iPhone 17e,https://www.91mobiles.com/apple-iphone-17e-price-in-india,apple,64900,04-Mar-26,iOS v26,Apple A19 T8150a,8 GB,256 GB / 512 GB,48 MP,12 MP,4005 mAh,"Yes, 20W Fast Charging, 50% in 30 minutes","6.1"", 1170 x 2532 Resolution",Super Retina XDR OLED,1170x2532 px (FHD+),"SIM1: Nano, SIM2: eSIM","5G, 4G","Yes, v5.3",Yes,product+list,64900.0
Apple iPhone 17 Pro,https://www.91mobiles.com/apple-iphone-17-pro-price-in-india,apple,134900,19-Sep-25,iOS v26,Apple A19 Pro,12 GB,256 GB / 512 GB / 1 TB,48 MP + 48 MP + 48 MP,18 MP,3988 mAh,"Yes, 40W, 50% in 20 minutes","6.3"", 1206 x 2622 Resolution",Super Retina XDR OLED,1206x2622 px (FHD+),"SIM1: Nano, SIM2: eSIM","5G, 4G","Yes, v6.0",Yes,product+list,134900.0
Apple iPhone 16 Pro Max,https://www.91mobiles.com/apple-iphone-16-pro-max-price-in-india,apple,134900,13-Sep-24,iOS v18,Apple A18 Pro,8 GB,256 GB / 512 GB / 1 TB,48 MP + 48 MP + 12 MP,12 MP,4685 mAh,"Yes, 20W Fast Charging, 50% in 30 minutes","6.9"", 1320 x 2868 Resolution",Super Retina XDR,1320x2868 px (FHD+),"SIM1: Nano, SIM2: eSIM","5G, 4G","Yes, v5.3",Yes,product+list,134900.0
Apple iPhone Air,https://www.91mobiles.com/apple-iphone-air-price-in-india,apple,94990,09-Sep-25,iOS v26,Apple A19 Pro,8 GB,256 GB / 512 GB / 1 TB,48 MP,18 MP,3149 mAh,"Yes, 20W Fast Charging, 50% in 30 minutes","6.5"", 1260 x 2736 Resolution",Super Retina XDR OLED,1260x2736 px (FHD+),"SIM1: eSIM, SIM2: eSIM","5G, 4G","Yes, v6.0",Yes,product+list,94990.0
Apple iPhone 16 Plus,https://www.91mobiles.com/apple-iphone-16-plus-price-in-india,apple,79900,13-Sep-24,iOS v18,Apple A18,8 GB,128 GB / 256 GB / 512 GB,48 MP + 12 MP,12 MP,4674 mAh,"Yes, 20W Fast Charging, 50% in 30 minutes","6.7"", 1290 x 2796 Resolution",Super Retina XDR,1290x2796 px (FHD+),"SIM1: Nano, SIM2: eSIM","5G, 4G","Yes, v5.3",Yes,product+list,79900.0
Apple iPhone 14,https://www.91mobiles.com/apple-iphone-14-price-in-india,apple,54900,09-Sep-22,iOS v16,Apple A15 Bionic,6 GB,128 GB / 256 GB / 512 GB,12 MP + 12 MP,12 MP,3279 mAh,"Yes, 20W Fast Charging, 50% in 30 minutes","6.1"", 1170 x 2532 Resolution",Super Retina XDR,1170x2532 px (FHD+),"SIM1: Nano, SIM2: eSIM","5G, 4G","Yes, v5.3",Yes,product+list,54900.0
Apple iPhone 16E (iPhone SE 4),https://www.91mobiles.com/apple-iphone-se-4-price-in-india,apple,59900,21-Feb-25,iOS v18,Apple A18,8 GB,128 GB / 256 GB / 512 GB,48 MP,12 MP,3961 mAh,"Yes, 20W Fast Charging, 50% in 30 minutes","6.1"", 1170 x 2532 Resolution",Super Retina XDR,1170x2532 px (FHD+),"SIM1: Nano, SIM2: eSIM","5G, 4G","Yes, v5.3",Yes,product+list,59900.0
Apple iPhone 12 Pro,https://www.91mobiles.com/apple-iphone-12-pro-price-in-india,apple,109900,18-Oct-20,iOS v14,Apple A14 Bionic,6 GB,128 GB / 256 GB / 512 GB,12 MP + 12 MP + 12 MP,12 MP,2815 mAh,"Yes, 20W Fast Charging, 50% in 30 minutes","6.1"", 1170 x 2532 Resolution",Super Retina XDR,1170x2532 px (FHD+),"SIM1: Nano, SIM2: eSIM","5G, 4G","Yes, v5.0",Yes,product+list,109900.0
Apple iPhone 16e,https://www.91mobiles.com/apple-iphone-16e-price-in-india,apple,59900,28-Feb-25,iOS v18,Apple A18,8 GB,128 GB,48 MP,12 MP,4005 mAh,"Yes, 20W Fast Charging, 50% in 30 minutes","6.1"", 1170 x 2532 Resolution",Super Retina XDR OLED,1170x2532 px (FHD+),"SIM1: Nano, SIM2: eSIM","5G, 4G","Yes, v5.3",Yes,product+list,59900.0
Apple iPhone 14 Plus,https://www.91mobiles.com/apple-iphone-14-plus-price-in-india,apple,69900,09-Sep-22,iOS v16,Apple A15 Bionic,6 GB,128 GB / 256 GB / 512 GB,12 MP + 12 MP,12 MP,4325 mAh,"Yes, 20W Fast Charging, 50% in 30 minutes","6.7"", 1284 x 2778 Resolution",Super Retina XDR,1284x2778 px (FHD+),"SIM1: Nano, SIM2: eSIM","5G, 4G","Yes, v5.3",Yes,product+list,69900.0
Apple iPhone 12 Pro Max,https://www.91mobiles.com/apple-iphone-12-pro-max-price-in-india,apple,119900,18-Oct-20,iOS v14,Apple A14 Bionic,6 GB,128 GB / 256 GB / 512 GB,12 MP + 12 MP + 12 MP,12 MP,3687 mAh,"Yes, 20W Fast Charging, 50% in 30 minutes","6.7"", 1284 x 2778 Resolution",Super Retina XDR,1284x2778 px (FHD+),"SIM1: Nano, SIM2: eSIM","5G, 4G","Yes, v5.0",Yes,product+list,119900.0
Apple iPhone 11 Pro Max,https://www.91mobiles.com/apple-iphone-11-pro-max-price-in-india,apple,109900,20-Sep-19,iOS v13.0,Apple A13 Bionic,4 GB,64 GB / 256 GB / 512 GB,12 MP + 12 MP + 12 MP,12 MP,3969 mAh,"Yes, 18W Fast Charging, 50% in 30 minutes","6.5"", 1242 x 2688 Resolution",Super Retina XDR,1242x2688 px (FHD+),"SIM1: Nano, SIM2: eSIM","5G Not Supported, 4G","Yes, v5.0",Yes,product+list,109900.0
Apple iPhone 16 Plus 256GB,https://www.91mobiles.com/apple-iphone-16-plus-256gb-price-in-india,apple,89900,13-Sep-24,iOS v18,Apple A18,8 GB,128 GB / 256 GB / 512 GB,48 MP + 12 MP,12 MP,4674 mAh,"Yes, 20W Fast Charging, 50% in 30 minutes","6.7"", 1290 x 2796 Resolution",Super Retina XDR,1290x2796 px (FHD+),"SIM1: Nano, SIM2: eSIM","5G, 4G","Yes, v5.3",Yes,product+list,89900.0
Apple iPhone 17 Pro Max 2TB,https://www.91mobiles.com/apple-iphone-17-pro-max-2tb-price-in-india,apple,222990,09-Sep-25,iOS v26,Apple A19 Pro,12 GB,256 GB / 512 GB / 1 TB / 2 TB,48 MP + 48 MP + 48 MP,18 MP,4832 mAh,"Yes, 40W Fast Charging, 50% in 20 minutes","6.9"", 1320 x 2868 Resolution",Super Retina XDR OLED,1320x2868 px (FHD+),"SIM1: Nano, SIM2: eSIM","5G, 4G","Yes, v6.0",Yes,product+list,222990.0
Apple iPhone 17e 512GB,https://www.91mobiles.com/apple-iphone-17e-512gb-price-in-india,apple,84900,05-Mar-26,iOS v26,Apple A19 T8150a,8 GB,256 GB / 512 GB,48 MP,12 MP,4005 mAh,"Yes, 20W Fast Charging, 50% in 30 minutes","6.1"", 1170 x 2532 Resolution",Super Retina XDR OLED,1170x2532 px (FHD+),"SIM1: Nano, SIM2: eSIM","5G, 4G","Yes, v5.3",Yes,product+list,84900.0
Apple iPhone 15 256GB,https://www.91mobiles.com/apple-iphone-15-256gb-price-in-india,apple,69900,13-Sep-23,iOS v17,Apple A16 Bionic,6 GB,128 GB / 256 GB / 512 GB,48 MP + 12 MP,12 MP,3349 mAh,"Yes, 20W Fast Charging, 50% in 30 minutes","6.1"", 1179 x 2556 Resolution",Super Retina XDR,1179x2556 px (FHD+),"SIM1: Nano, SIM2: eSIM","5G, 4G","Yes, v5.3",Yes,product+list,69900.0
Google Pixel 10A,https://www.91mobiles.com/google-pixel-10a-price-in-india,google,47650,18-Feb-26,Android v16,Google Tensor G4,8 GB,256 GB,48 MP + 13 MP,13 MP,5100 mAh,"Yes, 45W Fast Charging","6.3"", 1080 x 2424 Resolution",P-OLED,1080x2424 px (FHD+),"SIM1: Nano, SIM2: eSIM","5G, 4G","Yes, v6.0",Yes,product+list,47644.0
Google Pixel 9A,https://www.91mobiles.com/google-pixel-9a-price-in-india,google,41338,16-Apr-25,Android v15,Google Tensor G4,8 GB,256 GB,48 MP + 13 MP,13 MP,5100 mAh,"Yes, 23W Fast Charging","6.3"", 1080 x 2424 Resolution",OLED,1080x2424 px (FHD+),"SIM1: Nano, SIM2: eSIM","5G, 4G","Yes, v5.3",Yes,product+list,41318.0
Google Pixel 10,https://www.91mobiles.com/google-pixel-10-price-in-india,google,70900,28-Aug-25,Android v16,Google Tensor G5,12 GB,256 GB,48 MP + 13 MP + 10.8 MP,10.5 MP,4970 mAh,"Yes, 30W Fast Charging, 55% in 30 minutes","6.3"", 1080 x 2424 Resolution",OLED,1080x2424 px (FHD+),"SIM1: Nano, SIM2: eSIM","5G, 4G","Yes, v6.0",Yes,product+list,73280.0
Google Pixel 10 Pro,https://www.91mobiles.com/google-pixel-10-pro-price-in-india,google,109900,28-Aug-25,Android v16,Google Tensor G5,16 GB,256 GB,50 MP + 48 MP + 48 MP,42 MP,4870 mAh,"Yes, 30W Fast Charging, 55% in 30 minutes","6.3"", 1280 x 2856 Resolution",LTPO OLED,1280x2856 px (FHD+),"SIM1: Nano, SIM2: eSIM","5G, 4G","Yes, v6.0",Yes,product+list,109900.0
Google Pixel 7A,https://www.91mobiles.com/google-pixel-7a-price-in-india,google,27499,11-May-23,Android v13.0,Google Tensor G2,8 GB,128 GB,64 MP + 13 MP,13 MP,4385 mAh,"Yes, 18W Fast Charging","6.1"", 1080 x 2400 Resolution",OLED,1080x2400 px (FHD+),"SIM1: Nano, SIM2: eSIM","5G, 4G","Yes, v5.3",Yes,product+list,27499.0
Google Pixel 8A,https://www.91mobiles.com/google-pixel-8a-price-in-india,google,34999,07-May-24,Android v14,Google Tensor G3,8 GB,128 GB / 256 GB,64 MP + 13 MP,13 MP,4492 mAh,"Yes, 18W Fast Charging","6.1"", 1080 x 2400 Resolution",OLED,1080x2400 px (FHD+),"SIM1: Nano, SIM2: eSIM","5G, 4G","Yes, v5.3",Yes,product+list,34999.0
Google Pixel 10 Pro XL,https://www.91mobiles.com/google-pixel-10-pro-xl-price-in-india,google,124999,28-Aug-25,Android v16,Google Tensor G5,16 GB,256 GB,50 MP + 48 MP + 48 MP,42 MP,5200 mAh,"Yes, 45W Fast Charging, 70% in 30 minutes","6.8"", 1344 x 2992 Resolution",LTPO OLED,1344x2992 px (FHD+),"SIM1: Nano, SIM2: eSIM","5G, 4G","Yes, v6.0",Yes,product+list,124999.0
Google Pixel 8,https://www.91mobiles.com/google-pixel-8-price-in-india,google,37999,04-Oct-23,Android v14,Google Tensor G3,8 GB,128 GB / 256 GB,50 MP + 12 MP,10.5 MP,4575 mAh,27W Fast Charging; USB Type-C port,"6.2"", 1080 x 2400 Resolution",OLED,1080x2400 px (FHD+),"SIM1: Nano, SIM2: eSIM","5G, 4G","Yes, v5.3",Yes,product+list,37999.0
Google Pixel 7 Pro 5G,https://www.91mobiles.com/google-pixel-7-pro-5g-price-in-india,google,36990,06-Oct-22,Android,Google Tensor G2,12 GB,128 GB,50 MP + 12 MP + 48 MP,10.8 MP,5000 mAh,"Yes, 30W Fast Charging, 50% in 30 minutes","6.7"", 1440 x 3120 Resolution",OLED (Curved Display),1440x3120 px (QHD+),"SIM1: Nano, SIM2: eSIM","5G, 4G","Yes, v5.2",Yes,product+list,36990.0
Google Pixel 9,https://www.91mobiles.com/google-pixel-9-price-in-india,google,79999,14-Aug-24,Android v14,Google Tensor G4,12 GB,256 GB,50 MP + 48 MP,10.5 MP,4700 mAh,"Yes, 27W Fast Charging, 55% in 30 minutes","6.3"", 1080 x 2424 Resolution",OLED,1080x2424 px (FHD+),"SIM1: Nano, SIM2: eSIM","5G, 4G","Yes, v5.3",Yes,product+list,79999.0
Google Pixel 8 Pro,https://www.91mobiles.com/google-pixel-8-pro-price-in-india,google,79999,04-Oct-23,Android v14,Google Tensor G3,12 GB,128 GB / 256 GB,50 MP + 48 MP + 48 MP,10.5 MP,5050 mAh,"Yes, 30W Fast Charging, 50% in 30 minutes","6.7"", 1344 x 2992 Resolution",OLED,1344x2992 px (FHD+),"SIM1: Nano, SIM2: eSIM","5G, 4G","Yes, v5.3",Yes,product+list,79999.0
Google Pixel 7 5G,https://www.91mobiles.com/google-pixel-7-5g-price-in-india,google,29999,06-Oct-22,Android,Google Tensor G2,8 GB,128 GB,50 MP + 12 MP,10.8 MP,4355 mAh,"Yes, 30W Fast Charging, 50% in 30 minutes","6.3"", 1080 x 2400 Resolution",OLED,1080x2400 px (FHD+),"SIM1: Nano, SIM2: eSIM","5G, 4G","Yes, v5.2",Yes,product+list,29999.0
Google Pixel 10 Pro Fold,https://www.91mobiles.com/google-pixel-10-pro-fold-price-in-india,google,159998,20-Aug-25,Android v16,Google Tensor G5,16 GB,256 GB,48 MP + 10.5 MP + 10.8 MP,10 MP + 10 MP,5015 mAh,"Yes, 30W Fast Charging, 50% in 30 minutes","8.0"", 2076 x 2152 Resolution",LTPO OLED,2076x2152 px,"SIM1: Nano, SIM2: eSIM","5G, 4G","Yes, v6.0",Yes,product+list,159998.0
Google Pixel 9 Pro XL,https://www.91mobiles.com/google-pixel-9-pro-xl-price-in-india,google,109000,14-Aug-24,Android v14,Google Tensor G4,16 GB,256 GB / 512 GB,50 MP + 48 MP + 48 MP,42 MP,5060 mAh,"Yes, 37W Fast Charging, 70% in 30 minutes","6.8"", 1344 x 2992 Resolution",LTPO OLED,1344x2992 px (FHD+),"SIM1: Nano, SIM2: eSIM","5G, 4G","Yes, v5.3",Yes,product+list,109000.0
Google Pixel 8A 256GB,https://www.91mobiles.com/google-pixel-8a-256gb-price-in-india,google,36700,07-May-24,Android v14,Google Tensor G3,8 GB,128 GB / 256 GB,64 MP + 13 MP,13 MP,4492 mAh,"Yes, 18W Fast Charging","6.1"", 1080 x 2400 Resolution",OLED,1080x2400 px (FHD+),"SIM1: Nano, SIM2: eSIM","5G, 4G","Yes, v5.3",Yes,product+list,36700.0
Google Pixel 8 Pro 256GB,https://www.91mobiles.com/google-pixel-8-pro-256gb-price-in-india,google,113999,04-Nov-23,Android v14,Google Tensor G3,12 GB,128 GB / 256 GB,50 MP + 48 MP + 48 MP,10.5 MP,5050 mAh,"Yes, 30W Fast Charging, 50% in 30 minutes","6.7"", 1344 x 2992 Resolution",OLED,1344x2992 px (FHD+),"SIM1: Nano, SIM2: eSIM","5G, 4G","Yes, v5.3",Yes,product+list,113999.0
Google Pixel 9 Pro XL 512GB,https://www.91mobiles.com/google-pixel-9-pro-xl-512gb-price-in-india,google,139999,14-Aug-24,Android v14,Google Tensor G4,16 GB,256 GB / 512 GB,50 MP + 48 MP + 48 MP,42 MP,5060 mAh,"Yes, 37W Fast Charging, 70% in 30 minutes","6.8"", 1344 x 2992 Resolution",LTPO OLED,1344x2992 px (FHD+),"SIM1: Nano, SIM2: eSIM","5G, 4G","Yes, v5.3",Yes,product+list,139999.0
Google Pixel 6A,https://www.91mobiles.com/google-pixel-6a-price-in-india,google,28989,21-Jul-22,Android v12,Google Tensor,6 GB,128 GB,12.2 MP + 12 MP,8 MP,4410 mAh,"Yes, 18W Fast Charging","6.1"", 1080 x 2400 Resolution",OLED,1080x2400 px (FHD+),"SIM1: Nano, SIM2: eSIM","5G, 4G","Yes, v5.2",Yes,product+list,28989.0
Google Pixel 9 Pro,https://www.91mobiles.com/google-pixel-9-pro-price-in-india,google,86499,17-Oct-24,Android v14,Google Tensor G4,16 GB,256 GB,50 MP + 48 MP + 48 MP,42 MP,4700 mAh,"Yes, 27W Fast Charging, 55% in 30 minutes","6.3"", 1280 x 2856 Resolution",LTPO OLED,1280x2856 px (FHD+),"SIM1: Nano, SIM2: eSIM","5G, 4G","Yes, v5.3",Yes,product+list,86499.0
Google Pixel 9 Pro Fold,https://www.91mobiles.com/google-pixel-9-pro-fold-price-in-india,google,172999,04-Sep-24,Android v14,Google Tensor G4,16 GB,256 GB,48 MP + 10.5 MP + 10.8 MP,10 MP + 10 MP,4650 mAh,"Yes, 21W Fast Charging","8.0"", 2076 x 2152 Resolution",LTPO OLED,2076x2152 px,"SIM1: Nano, SIM2: eSIM","5G, 4G","Yes, v5.3",Yes,product+list,172999.0
vivo T5x,https://www.91mobiles.com/vivo-t5x-price-in-india,vivo,18999,17-Mar-26,Android v16,MediaTek Dimensity 7400 Turbo,6 GB / 8 GB,128 GB / 256 GB,50 MP + 2 MP,32 MP,7200 mAh,"Yes, 44W Flash Charging, 100% in 91 minutes","6.76"", 2344 x 1080 Resolution",LCD,2344x1080 px (UHD (4k)),"SIM1: Nano, SIM2: Nano","5G, 4G","Yes, v5.4",No,product+list,18999.0
vivo V70 FE,https://www.91mobiles.com/vivo-v70-fe-price-in-india,vivo,37999,02-Apr-26,Android v16,MediaTek Dimensity 7360 Turbo,8 GB / 12 GB,128 GB / 256 GB,200 MP + 8 MP,50 MP,7000 mAh,"Yes, 90W Flash Charging, 100% in 60 minutes","6.83"", 1260 x 2800 Resolution",AMOLED,1260x2800 px (FHD+),"SIM1: Nano, SIM2: Nano","5G, 4G","Yes, v5.4",Yes,product+list,37999.0
vivo V70,https://www.91mobiles.com/vivo-v70-price-in-india,vivo,45999,19-Feb-26,Android v16,Qualcomm Snapdragon 7 Gen 4 SM7750-AB,8 GB / 12 GB,256 GB,50 MP + 50 MP + 8 MP,50 MP,6500 mAh,"Yes, 90W Super Flash Charging","6.59"", 1260 x 2750 Resolution",AMOLED,1260x2750 px (FHD+),"SIM1: Nano, SIM2: Nano","5G, 4G",Yes,Yes,product+list,45999.0
vivo V70 Elite,https://www.91mobiles.com/vivo-v70-elite-price-in-india,vivo,45999,19-Feb-26,Android v16,Qualcomm Snapdragon 8s Gen 3 SM8635,8 GB / 12 GB,256 GB / 512 GB,50 MP + 50 MP + 8 MP,50 MP,6500 mAh,"Yes, 90W Flash Charging","6.59"", 1080 x 2392 Resolution",AMOLED,1080x2392 px (FHD+),"SIM1: Nano, SIM2: Nano","5G, 4G","Yes, v5.4",Yes,product+list,45999.0
vivo T4 Pro,https://www.91mobiles.com/vivo-t4-pro-price-in-india,vivo,27999,26-Aug-25,Android v15,Qualcomm Snapdragon 7 Gen 4 SM7750-AB,8 GB / 12 GB,128 GB / 256 GB,50 MP + 50 MP + 2 MP,32 MP,6500 mAh,"Yes, 90W Flash Charging","6.77"", 1080 x 2392 Resolution",AMOLED (Curved Display),1080x2392 px (FHD+),"SIM1: Nano, SIM2: Nano","5G, 4G","Yes, v5.4",No,product+list,27999.0
vivo Y51 Pro,https://www.91mobiles.com/vivo-y51-pro-price-in-india,vivo,24999,11-Mar-26,Android v16,MediaTek Dimensity 7360 Turbo,8 GB,128 GB / 256 GB,50 MP + 2 MP,8 MP,7200 mAh,"Yes, 44W","6.75"", 1570 x 720 Resolution",LCD,1570x720 px (QHD (2k)),"SIM1: Nano, SIM2: Nano","5G, 4G","Yes, v5.4",No,product+list,24999.0
vivo T4X,https://www.91mobiles.com/vivo-t4x-price-in-india,vivo,16999,12-Mar-25,Android v15,MediaTek Dimensity 7300,6 GB / 8 GB,128 GB / 256 GB,50 MP + 2 MP,8 MP,6500 mAh,"Yes, 44W Flash Charging, 50% in 40 minutes","6.72"", 1080 x 2408 Resolution",LCD,1080x2408 px (FHD+),"SIM1: Nano, SIM2: Nano","5G, 4G","Yes, v5.4",No,product+list,16999.0
vivo V60e,https://www.91mobiles.com/vivo-v60e-price-in-india,vivo,31999,07-Oct-25,Android v15,MediaTek Dimensity 7360 Turbo,8 GB / 12 GB,128 GB / 256 GB,200 MP + 8 MP,50 MP,6500 mAh,"Yes, 90W Flash Charging","6.77"", 1080 x 2392 Resolution",AMOLED (Curved Display),1080x2392 px (FHD+),"SIM1: Nano, SIM2: Nano","5G, 4G","Yes, v5.4",Yes,product+list,31999.0
vivo T4,https://www.91mobiles.com/vivo-t4-price-in-india,vivo,23800,29-Apr-25,Android v15,Qualcomm Snapdragon 7s Gen 3,8 GB / 12 GB,128 GB / 256 GB,50 MP + 2 MP,32 MP,7300 mAh,"Yes, 90W Flash Charging, 50% in 33 minutes","6.77"", 1080 x 2392 Resolution",AMOLED (Curved Display),1080x2392 px (FHD+),"SIM1: Nano, SIM2: Nano","5G, 4G","Yes, v5.2",No,product+list,24089.0
vivo Y11 5G,https://www.91mobiles.com/vivo-y11-5g-price-in-india,vivo,14999,23-Mar-26,Android v16,MediaTek Dimensity 6300 MT6835,4 GB,64 GB / 128 GB,13 MP + 0.08 MP,5 MP,6500 mAh,"Yes, 15W","6.74"", 720 x 1600 Resolution",LCD,720x1600 px (HD+),"SIM1: Nano, SIM2: Nano (Hybrid)","5G, 4G","Yes, v5.4",Yes,product+list,14999.0
vivo X300,https://www.91mobiles.com/vivo-x300-price-in-india,vivo,75998,02-Dec-25,Android v16,MediaTek Dimensity 9500,12 GB / 16 GB,256 GB / 512 GB,200 MP + 50 MP + 50 MP,50 MP,6040 mAh,"Yes, 90W Flash Charging","6.31"", 1216 x 2640 Resolution",AMOLED,1216x2640 px (FHD+),"SIM1: Nano, SIM2: Nano","5G, 4G","Yes, v6.0",Yes,product+list,75998.0
vivo V60,https://www.91mobiles.com/vivo-v60-price-in-india,vivo,36999,12-Aug-25,Android v15,Qualcomm Snapdragon 7 Gen 4,8 GB / 12 GB / 16 GB,128 GB / 256 GB / 512 GB,50 MP + 8 MP + 50 MP,50 MP,6500 mAh,"Yes, 90W Flash Charging","6.77"", 1080 x 2392 Resolution",AMOLED (Curved Display),1080x2392 px (FHD+),"SIM1: Nano, SIM2: Nano","5G, 4G","Yes, v5.4",Yes,product+list,36999.0
vivo X200 FE,https://www.91mobiles.com/vivo-x200-fe-price-in-india,vivo,54999,23-Jul-25,Android v15,MediaTek Dimensity 9300 Plus MT6989,12 GB / 16 GB,256 GB / 512 GB,50 MP + 8 MP + 50 MP,50 MP,6500 mAh,"Yes, 90W Flash Charging, 100% in 57 minutes","6.31"", 1216 x 2640 Resolution",LTPO AMOLED,1216x2640 px (FHD+),"SIM1: Nano, SIM2: Nano","5G, 4G","Yes, v5.4",Yes,product+list,54999.0
vivo T4R,https://www.91mobiles.com/vivo-t4r-price-in-india,vivo,22979,31-Jul-25,Android v15,MediaTek Dimensity 7400 MT6878,8 GB / 12 GB,128 GB / 256 GB,50 MP + 2 MP,32 MP,5700 mAh,"Yes, 44W Flash Charging, 100% in 78 minutes","6.77"", 1080 x 2392 Resolution",AMOLED (Curved Display),1080x2392 px (FHD+),"SIM1: Nano, SIM2: Nano","5G, 4G","Yes, v5.4",No,product+list,22979.0
vivo X200T,https://www.91mobiles.com/vivo-x200t-price-in-india,vivo,59999,27-Jan-26,Android v16,MediaTek Dimensity 9400 Plus MT6691,12 GB,256 GB / 512 GB,50 MP + 50 MP + 50 MP,32 MP,6200 mAh,"Yes, 90W Flash Charging","6.67"", 1260 x 2800 Resolution",AMOLED,1260x2800 px (FHD+),"SIM1: Nano, SIM2: Nano/eSIM","5G, 4G","Yes, v5.4",Yes,product+list,59999.0
vivo X300 Pro,https://www.91mobiles.com/vivo-x300-pro-price-in-india,vivo,109998,02-Dec-25,Android v16,MediaTek Dimensity 9500,16 GB,512 GB,50 MP + 50 MP + 200 MP,50 MP,6510 mAh,"Yes, 90W Flash Charging","6.78"", 1260 x 2800 Resolution",AMOLED,1260x2800 px (FHD+),"SIM1: Nano, SIM2: Nano","5G, 4G","Yes, v6.0",Yes,product+list,109998.0
vivo T4 Ultra,https://www.91mobiles.com/vivo-t4-ultra-price-in-india,vivo,37690,18-Jun-25,Android v15,MediaTek Dimensity 9300 Plus,8 GB / 12 GB,256 GB / 512 GB,50 MP + 8 MP + 50 MP,32 MP,5500 mAh,"Yes, 90W Flash Charging, 100% in 48 minutes","6.67"", 1260 x 2800 Resolution",AMOLED (Curved Display),1260x2800 px (FHD+),"SIM1: Nano, SIM2: Nano","5G, 4G","Yes, v5.4",Yes,product+list,37690.0
Xiaomi Redmi Note 15,https://www.91mobiles.com/xiaomi-redmi-note-15-price-in-india,xiaomi,24999,09-Jan-26,Android v15,Qualcomm Snapdragon 6 Gen 3 SM6475,8 GB,128 GB / 256 GB,108 MP + 8 MP,20 MP,5520 mAh,"Yes, 45W Turbo Charging v3.0","6.77"", 1080 x 2392 Resolution",AMOLED,1080x2392 px (FHD+),"SIM1: Nano, SIM2: Nano (Hybrid)","5G, 4G","Yes, v5.1",No,product+list,24999.0
Xiaomi 17,https://www.91mobiles.com/xiaomi-17-price-in-india,xiaomi,89999,11-Mar-26,Android v16,Qualcomm Snapdragon 8 Elite Gen 5 SM8850-AC,12 GB,512 GB,50 MP + 50 MP + 50 MP,50 MP,6330 mAh,"Yes, 100W Hyper Charging v3.0","6.3"", 2656 x 1220 Resolution",OLED,2656x1220 px (UHD (4k)),"SIM1: Nano, SIM2: Nano/eSIM","5G, 4G","Yes, v6.0",Yes,product+list,89999.0
Xiaomi 17 Ultra,https://www.91mobiles.com/xiaomi-17-ultra-price-in-india,xiaomi,139999,11-Mar-26,Android v16,Qualcomm Snapdragon 8 Elite Gen 5 SM8850-AC,16 GB,512 GB,50 MP + 200 MP + 50 MP,50 MP,6000 mAh,"Yes, 90W Hyper Charging v3.0","6.9"", 1200 x 2608 Resolution",OLED,1200x2608 px (FHD+),"SIM1: Nano, SIM2: Nano/eSIM","5G, 4G","Yes, v6.0",Yes,product+list,139999.0
Xiaomi Redmi Note 15 Pro,https://www.91mobiles.com/xiaomi-redmi-note-15-pro-price-in-india,xiaomi,28999,04-Feb-26,Android v15,MediaTek Dimensity 7400 Ultra,8 GB,128 GB / 256 GB,200 MP + 8 MP,20 MP,6580 mAh,"Yes, 45W Fast Charging","6.83"", 1280 x 2772 Resolution",AMOLED,1280x2772 px (FHD+),"SIM1: Nano, SIM2: Nano","5G, 4G","Yes, v5.4",Yes,product+list,28999.0
Xiaomi Redmi Note 15 Pro Plus,https://www.91mobiles.com/xiaomi-redmi-note-15-pro-plus-price-in-india,xiaomi,36990,04-Feb-26,Android v15,Qualcomm Snapdragon 7s Gen 4,8 GB / 12 GB,256 GB / 512 GB,200 MP + 8 MP,32 MP,6500 mAh,"Yes, 100W Fast Charging","6.83"", 1280 x 2772 Resolution",AMOLED,1280x2772 px (FHD+),"SIM1: Nano, SIM2: Nano/eSIM","5G, 4G","Yes, v5.4",Yes,product+list,36990.0
Xiaomi Redmi 14C,https://www.91mobiles.com/xiaomi-redmi-14c-price-in-india,xiaomi,9499,10-Jan-25,Android v14,Qualcomm Snapdragon 4 Gen 2,4 GB / 6 GB,64 GB / 128 GB,50 MP,8 MP,5160 mAh,"Yes, 18W Fast Charging","6.88"", 720 x 1640 Resolution",IPS LCD,720x1640 px (HD+),"SIM1: Nano, SIM2: Nano","5G, 4G","Yes, v5.4",No,product+list,9499.0
Xiaomi Redmi 15C,https://www.91mobiles.com/xiaomi-redmi-15c-price-in-india,xiaomi,14969,03-Dec-25,Android v15,MediaTek Dimensity 6300,4 GB / 6 GB / 8 GB,128 GB,50 MP,8 MP,6000 mAh,"Yes, 33W Turbo Charging, 50% in 28 minutes","6.9"", 720 x 1600 Resolution",IPS LCD,720x1600 px (HD+),"SIM1: Nano, SIM2: Nano","5G, 4G","Yes, v5.4",Yes,product+list,14969.0
Xiaomi Redmi Note 15 SE 5G,https://www.91mobiles.com/xiaomi-redmi-note-15-se-5g-price-in-india,xiaomi,19999,02-Apr-26,Android v15,Qualcomm Snapdragon 6 Gen 3 SM6475,6 GB / 8 GB,128 GB / 256 GB,50 MP + 2 MP,20 MP,5800 mAh,"Yes, 45W Turbo Charging v3.0","6.77"", 1080 x 2392 Resolution",AMOLED,1080x2392 px (FHD+),"SIM1: Nano, SIM2: Nano (Hybrid)","5G, 4G","Yes, v5.1",No,product+list,19999.0
Xiaomi Redmi Note 14 Pro+ 5G,https://www.91mobiles.com/xiaomi-redmi-note-14-pro-plus-price-in-india,xiaomi,24995,09-Dec-24,Android v14,Qualcomm Snapdragon 7s Gen 3,8 GB / 12 GB,128 GB / 256 GB / 512 GB,50 MP + 8 MP + 50 MP,20 MP,6200 mAh,"Yes, 90W Hyper Charging","6.67"", 1220 x 2712 Resolution",AMOLED (Curved Display),1220x2712 px (FHD+),"SIM1: Nano, SIM2: Nano","5G, 4G","Yes, v5.4",Yes,product+list,24995.0
Xiaomi Redmi Note 13,https://www.91mobiles.com/xiaomi-redmi-note-13-price-in-india,xiaomi,14498,10-Jan-24,Android v13,MediaTek Dimensity 6080 MT6833,6 GB / 8 GB / 12 GB,128 GB / 256 GB,108 MP + 8 MP + 2 MP,16 MP,5000 mAh,"Yes, 33W Fast Charging","6.67"", 1080 x 2400 Resolution",AMOLED,1080x2400 px (FHD+),"SIM1: Nano, SIM2: Nano (Hybrid)","5G, 4G","Yes, v5.3",No,product+list,14498.0
Xiaomi Redmi Note 14 Pro 5G,https://www.91mobiles.com/xiaomi-redmi-note-14-pro-price-in-india,xiaomi,21999,09-Dec-24,Android v14,MediaTek Dimensity 7300 Ultra,8 GB,128 GB / 256 GB,50 MP + 8 MP + 2 MP,20 MP,5500 mAh,"Yes, 45W Hyper Charging","6.67"", 1220 x 2712 Resolution",AMOLED (Curved Display),1220x2712 px (FHD+),"SIM1: Nano, SIM2: Nano","5G, 4G","Yes, v5.4",No,product+list,21999.0
Xiaomi Redmi A5,https://www.91mobiles.com/xiaomi-redmi-a5-price-in-india,xiaomi,8999,16-Apr-25,Android v15,Unisoc T7250,3 GB / 4 GB,64 GB / 128 GB,32 MP,8 MP,5200 mAh,"Yes, 15W Fast Charging","6.88"", 720 x 1650 Resolution",IPS LCD,720x1650 px (HD+),"SIM1: Nano, SIM2: Nano","5G Not Supported, 4G","Yes, v5.2",No,product+list,8999.0
Xiaomi Redmi Note 13 Pro,https://www.91mobiles.com/xiaomi-redmi-note-13-pro-price-in-india,xiaomi,28990,10-Jan-24,Android v13,Qualcomm Snapdragon 7s Gen 2,8 GB / 12 GB,128 GB / 256 GB,200 MP + 8 MP + 2 MP,16 MP,5100 mAh,"Yes, 67W Turbo Charging, 51% in 15 minutes","6.67"", 1220 x 2712 Resolution",AMOLED,1220x2712 px (FHD+),"SIM1: Nano, SIM2: Nano","5G, 4G","Yes, v5.2",No,product+list,28990.0
Xiaomi 14 Civi,https://www.91mobiles.com/xiaomi-14-civi-price-in-india,xiaomi,39999,12-Jun-24,Android v14,Qualcomm Snapdragon 8s Gen 3,8 GB / 12 GB,256 GB / 512 GB,50 MP + 12 MP + 50 MP,32 MP + 32 MP,4700 mAh,"Yes, 67W Turbo Charging, 100% in 40 minutes","6.55"", 1236 x 2750 Resolution",AMOLED (Curved Display),1236x2750 px (FHD+),"SIM1: Nano, SIM2: Nano","5G, 4G","Yes, v5.4",Yes,product+list,39999.0
OPPO K13 5G,https://www.91mobiles.com/oppo-k13-price-in-india,oppo,19134,25-Apr-25,Android v15,Qualcomm Snapdragon 6 Gen 4,8 GB,128 GB / 256 GB,50 MP + 2 MP,16 MP,7000 mAh,"Yes, 80W Super VOOC Charging, 62% in 30 minutes","6.67"", 1080 x 2400 Resolution",AMOLED,1080x2400 px (FHD+),"SIM1: Nano, SIM2: Nano","5G, 4G","Yes, v5.2",No,product+list,19105.0
OPPO K14x 5G,https://www.91mobiles.com/oppo-k14x-price-in-india,oppo,14449,10-Feb-26,Android v15,MediaTek Dimensity 6300 MT6835,4 GB / 6 GB,64 GB / 128 GB,50 MP + 2 MP,5 MP,6500 mAh,"Yes, 45W Super VOOC Charging","6.75"", 720 x 1570 Resolution",LCD,720x1570 px (HD+),"SIM1: Nano, SIM2: Nano","5G, 4G","Yes, v5.4",No,product+list,14449.0
OPPO Reno15,https://www.91mobiles.com/oppo-reno15-price-in-india,oppo,45999,08-Jan-26,Android v16,Qualcomm Snapdragon 7 Gen 4,8 GB / 12 GB,256 GB / 512 GB,50 MP + 8 MP + 50 MP,50 MP,6500 mAh,"Yes, 80W Super VOOC Charging","6.59"", 1256 x 2760 Resolution",LTPS AMOLED,1256x2760 px (FHD+),"SIM1: Nano, SIM2: Nano","5G, 4G","Yes, v5.4",Yes,product+list,45999.0
OPPO Reno15 Pro Mini,https://www.91mobiles.com/oppo-reno15-pro-mini-price-in-india,oppo,59999,08-Jan-26,Android v16,MediaTek Dimensity 8450,12 GB,256 GB / 512 GB,200 MP + 50 MP + 50 MP,50 MP,6200 mAh,"Yes, 80W Super Charging, 100% in 53 minutes","6.32"", 1216 x 2640 Resolution",AMOLED,1216x2640 px (FHD+),"SIM1: Nano, SIM2: Nano","5G, 4G","Yes, v5.4",No,product+list,59999.0
OPPO K13 Turbo 5G,https://www.91mobiles.com/oppo-k13-turbo-price-in-india,oppo,27495,11-Aug-25,Android v15,MediaTek Dimensity 8450,8 GB,128 GB / 256 GB,50 MP + 2 MP,16 MP,7000 mAh,"Yes, 80W Super VOOC Charging, 68% in 30 minutes","6.8"", 1280 x 2800 Resolution",LTPS AMOLED,1280x2800 px (FHD+),"SIM1: Nano, SIM2: Nano","5G, 4G","Yes, v5.4",No,product+list,27495.0
OPPO Reno15 C,https://www.91mobiles.com/oppo-reno15-c-price-in-india,oppo,37999,08-Jan-26,Android v16,Qualcomm Snapdragon 6 Gen 1,8 GB / 12 GB,256 GB,50 MP + 8 MP + 2 MP,50 MP,7000 mAh,"Yes, 80W Super VOOC Charging","6.57"", 1080 x 2372 Resolution",AMOLED,1080x2372 px (FHD+),"SIM1: Nano, SIM2: Nano","5G, 4G","Yes, v5.4",Yes,product+list,37999.0
OPPO A6 Pro,https://www.91mobiles.com/oppo-a6-pro-price-in-india,oppo,26999,05-Jan-26,Android v15,MediaTek Dimensity 6300,8 GB,128 GB / 256 GB,50 MP + 2 MP,16 MP,7000 mAh,"Yes, 80W Super VOOC Charging","6.57"", 1080 x 2372 Resolution",Flexible AMOLED,1080x2372 px (FHD+),"SIM1: Nano, SIM2: Nano","5G, 4G","Yes, v5.4",No,product+list,26999.0
OPPO A6x,https://www.91mobiles.com/oppo-a6x-price-in-india,oppo,12999,02-Dec-25,Android v15,MediaTek Dimensity 6300,4 GB / 6 GB,64 GB / 128 GB,13 MP,5 MP,6500 mAh,"Yes, 45W Super VOOC Charging","6.75"", 720 x 1570 Resolution",LCD,720x1570 px (HD+),"SIM1: Nano, SIM2: Nano","5G, 4G","Yes, v5.4",No,product+list,12999.0
OPPO K13x 5G,https://www.91mobiles.com/oppo-k13x-price-in-india,oppo,15650,27-Jun-25,Android v15,MediaTek Dimensity 6300,4 GB / 6 GB / 8 GB,128 GB,50 MP + 2 MP,8 MP,6000 mAh,"Yes, 45W Super VOOC Charging, 50% in 37 minutes","6.67"", 720 x 1604 Resolution",LCD,720x1604 px (HD+),"SIM1: Nano, SIM2: Nano (Hybrid)","5G, 4G","Yes, v5.4",No,product+list,15650.0
OPPO Reno14,https://www.91mobiles.com/oppo-reno14-price-in-india,oppo,39999,08-Jul-25,Android v15,MediaTek MT6897,8 GB / 12 GB,256 GB / 512 GB,50 MP + 8 MP + 50 MP,50 MP,6000 mAh,"Yes, 80W Super VOOC Charging v3.0, 100% in 48 minutes","6.59"", 1256 x 2760 Resolution",LTPS OLED,1256x2760 px (FHD+),"SIM1: Nano, SIM2: Nano","5G, 4G","Yes, v5.4",Yes,product+list,39999.0
OPPO F31,https://www.91mobiles.com/oppo-f31-price-in-india,oppo,26999,15-Sep-25,Android v15,MediaTek Dimensity 6300,8 GB,128 GB / 256 GB,50 MP + 2 MP,16 MP,7000 mAh,"Yes, 80W Super VOOC Charging, 100% in 60 minutes","6.57"", 1080 x 2372 Resolution",AMOLED,1080x2372 px (FHD+),"SIM1: Nano, SIM2: Nano (Hybrid)","5G, 4G","Yes, v5.4",No,product+list,26999.0
OPPO Reno15 Pro,https://www.91mobiles.com/oppo-reno15-pro-price-in-india,oppo,67999,08-Jan-26,Android v16,MediaTek Dimensity 8450,12 GB,256 GB / 512 GB,"200 MP (upto 18x Digital Zoom, upto 3.5x Optical Zoom) Wide Angle Primary Camera + 50 MP Periscope Ultra-Wide Angle Camera + 50 MP Telephoto (upto 3.5x Optical Zoom) Camera",50 MP Ultra-Wide Angle Lens,6500 mAh,"Yes, 80W Super Charging, 100% in 51 minutes",6.78 inches (17.22 cm) | 1272x2772 px (FHD+) | LTPO AMOLED,LTPO AMOLED,1272x2772 px (FHD+),"SIM1: Nano, SIM2: Nano","5G, 4G","Yes, v5.4",Yes,product+list,67999.0
OPPO Find X9,https://www.91mobiles.com/oppo-find-x9-price-in-india,oppo,74999,18-Nov-25,Android v16,MediaTek Dimensity 9500,12 GB / 16 GB,256 GB / 512 GB,50 MP + 50 MP + 50 MP + 2 MP,32 MP,7025 mAh,"Yes, 80W Super VOOC Charging","6.59"", 1256 x 2760 Resolution",Flexible AMOLED,1256x2760 px (FHD+),"SIM1: Nano, SIM2: Nano","5G, 4G","Yes, v6.0",Yes,product+list,74999.0
realme 16,https://www.91mobiles.com/realme-16-price-in-india,realme,31999,02-Apr-26,Android v16,MediaTek Dimensity 6400 Turbo,8 GB / 12 GB,128 GB / 256 GB,50 MP + 2 MP,50 MP,7000 mAh,"Yes, 60W Fast Charging","6.57"", 2372 x 1080 Resolution",Flexible AMOLED,2372x1080 px (UHD (4k)),"SIM1: Nano, SIM2: Nano","5G, 4G","Yes, v5.3",No,product+list,31999.0
realme P4 Power,https://www.91mobiles.com/realme-p4-power-price-in-india,realme,24877,29-Jan-26,Android v16,MediaTek Dimensity 7400 Ultra MT6878T,8 GB / 12 GB,128 GB / 256 GB,50 MP + 8 MP,16 MP,10001 mAh,"Yes, 80W Ultra Charging","6.8"", 1280 x 2800 Resolution",AMOLED,1280x2800 px (FHD+),"SIM1: Nano, SIM2: Nano","5G, 4G","Yes, v5.4",No,product+list,24877.0
realme P4,https://www.91mobiles.com/realme-p4-price-in-india,realme,20499,20-Aug-25,Android v15,MediaTek Dimensity 7400 Ultra,6 GB / 8 GB,128 GB / 256 GB,50 MP + 8 MP,16 MP,7000 mAh,"Yes, 80W Ultra Charging, 50% in 25 minutes","6.77"", 1080 x 2392 Resolution",Hyper Glow AMOLED,1080x2392 px (FHD+),"SIM1: Nano, SIM2: Nano","5G, 4G","Yes, v5.4",No,product+list,20499.0
realme P4x,https://www.91mobiles.com/realme-p4x-price-in-india,realme,16749,04-Dec-25,Android v15,MediaTek Dimensity 7400 Ultra MT6878T,6 GB / 8 GB,128 GB / 256 GB,50 MP + 2 MP,8 MP,7000 mAh,"Yes, 45W Super Charging, 100% in 90 minutes","6.72"", 1080 x 2400 Resolution",LCD,1080x2400 px (FHD+),"SIM1: Nano, SIM2: Nano","5G, 4G","Yes, v5.4",No,product+list,16749.0
realme GT 7,https://www.91mobiles.com/realme-gt-7-price-in-india,realme,36999,27-May-25,Android v15,MediaTek Dimensity 9400e,8 GB / 12 GB / 16 GB,256 GB / 512 GB,50 MP + 8 MP + 50 MP,32 MP,7000 mAh,"Yes, 120W Ultra Charging, 50% in 14 minutes","6.78"", 1264 x 2780 Resolution",LTPO AMOLED,1264x2780 px (FHD+),"SIM1: Nano, SIM2: Nano","5G, 4G","Yes, v5.4",Yes,product+list,36999.0
realme 16 Pro,https://www.91mobiles.com/realme-16-pro-price-in-india,realme,34999,06-Jan-26,Android v16,MediaTek Dimensity 7300 Max MT6878,8 GB / 12 GB,128 GB / 256 GB,200 MP + 8 MP,50 MP,7000 mAh,"Yes, 80W Super Flash Charging, 50% in 23 minutes","6.78"", 1272 x 2772 Resolution",AMOLED,1272x2772 px (FHD+),"SIM1: Nano, SIM2: Nano","5G, 4G","Yes, v5.4",No,product+list,34999.0
realme 15 Pro,https://www.91mobiles.com/realme-15-pro-price-in-india,realme,29990,29-Jul-25,Android v15,Qualcomm Snapdragon 7 Gen 4,8 GB / 12 GB,128 GB / 256 GB / 512 GB,50 MP + 50 MP,50 MP,7000 mAh,"Yes, 80W Ultra Charging, 50% in 25 minutes","6.8"", 1280 x 2800 Resolution",AMOLED (Curved Display),1280x2800 px (FHD+),"SIM1: Nano, SIM2: Nano","5G, 4G","Yes, v5.4",No,product+list,29990.0
realme P3,https://www.91mobiles.com/realme-p3-price-in-india,realme,15999,19-Mar-25,Android v15,Qualcomm Snapdragon 6 Gen 4,6 GB / 8 GB,128 GB / 256 GB,50 MP + 2 MP,16 MP,6000 mAh,"Yes, 45W Fast Charging, 50% in 30 minutes","6.67"", 1080 x 2400 Resolution",AMOLED,1080x2400 px (FHD+),"SIM1: Nano, SIM2: Nano (Hybrid)","5G, 4G","Yes, v5.2",No,product+list,15999.0
realme Narzo 90,https://www.91mobiles.com/realme-narzo-90-price-in-india,realme,18999,16-Dec-25,Android,MediaTek Dimensity 6400 Max,6 GB / 8 GB,128 GB,50 MP + 2 MP,50 MP,7000 mAh,"Yes, 60W Fast Charging","6.57"", 1080 x 2372 Resolution",Flexible AMOLED,1080x2372 px (FHD+),"SIM1: Nano, SIM2: Nano","5G, 4G","Yes, v5.3",No,product+list,18999.0
realme 16 Pro Plus,https://www.91mobiles.com/realme-16-pro-plus-price-in-india,realme,43999,06-Jan-26,Android v16,Qualcomm Snapdragon 7 Gen 4 SM7750-AB,8 GB / 12 GB,128 GB / 256 GB,200 MP + 8 MP + 50 MP,50 MP,7000 mAh,"Yes, 80W Ultra Charging","6.8"", 1280 x 2800 Resolution",AMOLED,1280x2800 px (FHD+),"SIM1: Nano, SIM2: Nano","5G, 4G","Yes, v5.4",No,product+list,43999.0
realme GT 8 Pro,https://www.91mobiles.com/realme-gt-8-pro-price-in-india,realme,72999,21-Nov-25,Android v16,Qualcomm Snapdragon 8 Elite Gen 5 SM8850-AC,12 GB / 16 GB,256 GB / 512 GB,50 MP + 50 MP + 200 MP,32 MP,7000 mAh,"Yes, 120W Super VOOC Charging v3.0, 50% in 15 minutes","6.79"", 1440 x 3136 Resolution",AMOLED,1440x3136 px (QHD+),"SIM1: Nano, SIM2: Nano","5G, 4G","Yes, v6.0",Yes,product+list,72999.0
realme P4 Lite 5G,https://www.91mobiles.com/realme-p4-lite-price-in-india,realme,19499,19-Mar-26,Android v16,MediaTek Dimensity 6300 MT6835,4 GB / 6 GB,64 GB / 128 GB,13 MP,5 MP,7000 mAh,"Yes, 15W Super VOOC Charging","6.8"", 720 x 1570 Resolution",LCD,720x1570 px (HD+),"SIM1: Nano, SIM2: Nano (Hybrid)","5G, 4G","Yes, v5.3",No,product+list,19499.0
realme P3 Ultra,https://www.91mobiles.com/realme-p3-ultra-price-in-india,realme,25999,19-Mar-25,Android v15,MediaTek Dimensity 8350 Ultra,8 GB / 12 GB,128 GB / 256 GB,50 MP + 8 MP,16 MP,6000 mAh,"Yes, 80W Super VOOC Charging, 100% in 47 minutes","6.83"", 1272 x 2800 Resolution",AMOLED (Curved Display),1272x2800 px (FHD+),"SIM1: Nano, SIM2: Nano","5G, 4G","Yes, v5.4",No,product+list,25999.0
realme P4 Pro,https://www.91mobiles.com/realme-p4-pro-price-in-india,realme,28999,20-Aug-25,Android v15,Qualcomm Snapdragon 7 Gen 4,8 GB / 12 GB,128 GB / 256 GB,50 MP + 8 MP,50 MP,7000 mAh,"Yes, 80W Ultra Charging, 50% in 25 minutes","6.8"", 1280 x 2800 Resolution",AMOLED (Curved Display),1280x2800 px (FHD+),"SIM1: Nano, SIM2: Nano","5G, 4G","Yes, v5.4",No,product+list,28999.0
realme 15T,https://www.91mobiles.com/realme-15t-price-in-india,realme,22998,06-Sep-25,Android v15,MediaTek Dimensity 6400 Max,8 GB / 12 GB,128 GB / 256 GB,50 MP + 2 MP,50 MP,7000 mAh,"Yes, 60W Fast Charging, 50% in 31 minutes","6.57"", 1080 x 2372 Resolution",AMOLED,1080x2372 px (FHD+),"SIM1: Nano, SIM2: Nano (Hybrid)","5G, 4G","Yes, v5.3",No,product+list,22998.0
realme 14 Pro Plus,https://www.91mobiles.com/realme-14-pro-plus-price-in-india,realme,29999,16-Jan-25,Android v15,Qualcomm Snapdragon 7s Gen 3,8 GB / 12 GB,128 GB / 256 GB / 512 GB,50 MP + 8 MP + 50 MP,32 MP,6000 mAh,"Yes, 80W Super VOOC Charging, 50% in 24 minutes","6.83"", 1272 x 2800 Resolution",OLED (Curved Display),1272x2800 px (FHD+),"SIM1: Nano, SIM2: Nano","5G, 4G","Yes, v5.2",No,product+list,29999.0
realme Narzo 80 Pro,https://www.91mobiles.com/realme-narzo-80-pro-price-in-india,realme,19999,09-Apr-25,Android v15,MediaTek Dimensity 7400,8 GB / 12 GB,128 GB / 256 GB,50 MP + 2 MP,16 MP,6000 mAh,"Yes, 80W Super VOOC Charging, 50% in 21 minutes","6.7"", 1080 x 2392 Resolution",OLED (Curved Display),1080x2392 px (FHD+),"SIM1: Nano, SIM2: Nano","5G, 4G","Yes, v5.4",No,product+list,19999.0
realme GT 7T,https://www.91mobiles.com/realme-gt-7t-price-in-india,realme,32399,27-May-25,Android v15,MediaTek Dimensity 8400 Max,8 GB / 12 GB,256 GB / 512 GB,50 MP + 8 MP,32 MP,7000 mAh,"Yes, 120W Super VOOC Charging, 50% in 15 minutes","6.8"", 1280 x 2800 Resolution",AMOLED,1280x2800 px (FHD+),"SIM1: Nano, SIM2: Nano","5G, 4G","Yes, v6.0",Yes,product+list,32399.0
OnePlus Nord 6,https://www.91mobiles.com/oneplus-nord-6-price-in-india,oneplus,35999,07-Apr-26,Android v16,Qualcomm Snapdragon 8s Gen 4 SM8735,8 GB / 12 GB,256 GB,50 MP + 8 MP,32 MP,9000 mAh,"Yes, 80W Super Charging","6.78"", 1272 x 2772 Resolution",AMOLED,1272x2772 px (FHD+),"SIM1: Nano, SIM2: Nano","5G, 4G","Yes, v6.0",Yes,product+list,35999.0
OnePlus Nord CE 5 5G,https://www.91mobiles.com/oneplus-nord-ce-5-5g-price-in-india,oneplus,27799,12-Jul-25,Android v15,MediaTek Dimensity 8350 Apex,8 GB / 12 GB,128 GB / 256 GB,50 MP + 8 MP,16 MP,7100 mAh,"Yes, 80W Super VOOC Charging, 100% in 59 minutes","6.77"", 1080 x 2392 Resolution",AMOLED,1080x2392 px (FHD+),"SIM1: Nano, SIM2: Nano (Hybrid)","5G, 4G","Yes, v5.4",No,product+list,27796.0
OnePlus 15R,https://www.91mobiles.com/oneplus-15r-price-in-india,oneplus,50499,17-Dec-25,Android v16,Qualcomm Snapdragon 8 Gen 5,12 GB,256 GB / 512 GB,50 MP + 8 MP,32 MP,7400 mAh,"Yes, 80W Super Charging","6.83"", 1272 x 2800 Resolution",AMOLED,1272x2800 px (FHD+),"SIM1: Nano, SIM2: Nano","5G, 4G","Yes, v6.0",Yes,product+list,50499.0
OnePlus Nord 5,https://www.91mobiles.com/oneplus-nord-5-price-in-india,oneplus,33999,09-Jul-25,Android v15,Qualcomm Snapdragon 8s Gen 3 SM8635,8 GB / 12 GB,256 GB / 512 GB,50 MP + 8 MP,50 MP,6800 mAh,"Yes, 80W Super VOOC Charging, 100% in 54 minutes","6.83"", 1272 x 2800 Resolution",Swift AMOLED,1272x2800 px (FHD+),"SIM1: Nano, SIM2: Nano","5G, 4G","Yes, v5.4",Yes,product+list,33999.0
OnePlus 15,https://www.91mobiles.com/oneplus-15-price-in-india,oneplus,72999,13-Nov-25,Android v16,Qualcomm Snapdragon 8 Elite Gen 5 SM8850-AC,12 GB / 16 GB,256 GB / 512 GB,50 MP + 50 MP + 50 MP,32 MP,7300 mAh,"Yes, 120W Super VOOC Charging, 50% in 15 minutes","6.78"", 1272 x 2772 Resolution",LTPO AMOLED,1272x2772 px (FHD+),"SIM1: Nano, SIM2: Nano","5G, 4G","Yes, v6.0",Yes,product+list,72999.0
OnePlus 13R,https://www.91mobiles.com/oneplus-13r-price-in-india,oneplus,41999,13-Jan-25,Android v15,Qualcomm Snapdragon 8 Gen 3,12 GB / 16 GB,256 GB / 512 GB,50 MP + 8 MP + 50 MP,16 MP,6000 mAh,"Yes, 80W Super VOOC Charging, 50% in 20 minutes","6.78"", 1264 x 2780 Resolution",LTPO AMOLED,1264x2780 px (FHD+),"SIM1: Nano, SIM2: Nano","5G, 4G","Yes, v5.4",Yes,product+list,41999.0
OnePlus 13s,https://www.91mobiles.com/oneplus-13s-price-in-india,oneplus,52999,05-Jun-25,Android v15,Qualcomm Snapdragon 8 Elite,12 GB,256 GB / 512 GB,50 MP + 50 MP,32 MP,5850 mAh,"Yes, 80W Super VOOC Charging, 50% in 20 minutes","6.32"", 1216 x 2640 Resolution",ProXDR LTPO,1216x2640 px (FHD+),"SIM1: Nano, SIM2: Nano","5G, 4G","Yes, v6.0",Yes,product+list,52999.0
OnePlus 13,https://www.91mobiles.com/oneplus-13-price-in-india,oneplus,62999,10-Jan-25,Android v15,Qualcomm Snapdragon 8 Elite,12 GB / 16 GB / 24 GB,256 GB / 512 GB / 1 TB,50 MP + 50 MP + 50 MP,32 MP,6000 mAh,"Yes, 100W Super VOOC Charging, 100% in 36 minutes","6.82"", 1440 x 3168 Resolution",LTPO AMOLED (Curved Display),1440x3168 px (QHD+),"SIM1: Nano, SIM2: Nano","5G, 4G","Yes, v5.4",Yes,product+list,62999.0
OnePlus 12R,https://www.91mobiles.com/oneplus-12r-price-in-india,oneplus,33999,06-Feb-24,Android v14,Qualcomm Snapdragon 8 Gen 2,8 GB / 16 GB,128 GB / 256 GB,50 MP + 8 MP + 2 MP,16 MP,5500 mAh,"Yes, 100W Super VOOC Charging, 100% in 26 minutes","6.78"", 1264 x 2780 Resolution",ProXDR LTPO (Curved Display),1264x2780 px (FHD+),"SIM1: Nano, SIM2: Nano","5G, 4G","Yes, v5.3",Yes,product+list,33999.0
OnePlus 11,https://www.91mobiles.com/oneplus-11-price-in-india,oneplus,34899,07-Feb-23,Android v13.0,Qualcomm Snapdragon 8 Gen 2,8 GB / 16 GB,128 GB / 256 GB,50 MP + 48 MP + 32 MP,16 MP,5000 mAh,"Yes, 100W Super VOOC Charging, 100% in 25 minutes","6.7"", 1440 x 3216 Resolution",Super Fluid AMOLED (Curved Display),1440x3216 px (QHD+),"SIM1: Nano, SIM2: Nano","5G, 4G","Yes, v5.3",Yes,product+list,34899.0
OnePlus Nord CE 4 Lite 5G,https://www.91mobiles.com/oneplus-nord-ce-4-lite-5g-price-in-india,oneplus,17999,27-Jun-24,Android v14,Qualcomm Snapdragon 695,8 GB,128 GB / 256 GB,50 MP + 2 MP,16 MP,5500 mAh,"Yes, 80W Super VOOC Charging, 100% in 52 minutes","6.67"", 1080 x 2400 Resolution",AMOLED,1080x2400 px (FHD+),"SIM1: Nano, SIM2: Nano (Hybrid)","5G, 4G","Yes, v5.1",No,product+list,17999.0
OnePlus 12,https://www.91mobiles.com/oneplus-12-price-in-india,oneplus,57999,23-Jan-24,Android v14,Qualcomm Snapdragon 8 Gen 3,12 GB / 16 GB,256 GB / 512 GB,50 MP + 48 MP + 64 MP,32 MP,5400 mAh,"Yes, 100W Super VOOC Charging, 100% in 26 minutes","6.82"", 1440 x 3168 Resolution",ProXDR LTPO (Curved Display),1440x3168 px (QHD+),"SIM1: Nano, SIM2: Nano","5G, 4G","Yes, v5.4",Yes,product+list,57999.0
OnePlus 11R,https://www.91mobiles.com/oneplus-11r-price-in-india,oneplus,33296,21-Feb-23,Android v13,Qualcomm Snapdragon 8 Plus Gen 1,8 GB / 16 GB / 18 GB,128 GB / 256 GB / 512 GB,50 MP + 8 MP + 2 MP,16 MP,5000 mAh,"Yes, 100W Super VOOC Charging, 100% in 25 minutes","6.74"", 1240 x 2772 Resolution",Super Fluid AMOLED (Curved Display),1240x2772 px (FHD+),"SIM1: Nano, SIM2: Nano","5G, 4G","Yes, v5.3",Yes,product+list,33296.0
OnePlus 9R,https://www.91mobiles.com/oneplus-9r-price-in-india,oneplus,22999,15-Apr-21,Android v11,Qualcomm Snapdragon 870,8 GB / 12 GB,128 GB / 256 GB,48 MP + 16 MP + 5 MP + 2 MP,16 MP,4500 mAh,"Yes, 65W Warp Charging, 100% in 39 minutes","6.55"", 1080 x 2400 Resolution",Fluid AMOLED,1080x2400 px (FHD+),"SIM1: Nano, SIM2: Nano","5G, 4G","Yes, v5.1",Yes,product+list,22999.0
OnePlus 9,https://www.91mobiles.com/oneplus-9-price-in-india,oneplus,19990,15-Apr-21,Android v11,Qualcomm Snapdragon 888,8 GB / 12 GB,128 GB / 256 GB,48 MP + 50 MP + 2 MP,16 MP,4500 mAh,"Yes, 65W Warp Charging, 100% in 29 minutes","6.55"", 1080 x 2400 Resolution",Fluid AMOLED,1080x2400 px (FHD+),"SIM1: Nano, SIM2: Nano","5G, 4G","Yes, v5.2",Yes,product+list,19990.0
OnePlus Nord CE 3 5G,https://www.91mobiles.com/oneplus-nord-ce-3-5g-price-in-india,oneplus,17999,04-Aug-23,Android v13,Qualcomm Snapdragon 782G,8 GB / 12 GB,128 GB / 256 GB,50 MP + 8 MP + 2 MP,16 MP,5000 mAh,"Yes, 80W Super VOOC Charging, 61% in 15 minutes","6.7"", 1080 x 2412 Resolution",Fluid AMOLED,1080x2412 px (FHD+),"SIM1: Nano, SIM2: Nano (Hybrid)","5G, 4G","Yes, v5.2",Yes,product+list,24999.0
OnePlus 10R 5G,https://www.91mobiles.com/oneplus-10r-price-in-india,oneplus,26499,04-May-22,Android v12,MediaTek Dimensity 8100 Max,8 GB / 12 GB,128 GB / 256 GB,50 MP + 8 MP + 2 MP,16 MP,5000 mAh,"Yes, 80W Super VOOC Charging, 100% in 32 minutes","6.7"", 1080 x 2412 Resolution",Fluid AMOLED,1080x2412 px (FHD+),"SIM1: Nano, SIM2: Nano","5G, 4G","Yes, v5.2",Yes,product+list,26499.0
Nothing Phone 4a,https://www.91mobiles.com/nothing-phone-4a-price-in-india,nothing,31999,05-Mar-26,Android v16,Qualcomm Snapdragon 7s Gen 4 SM7635-AC,8 GB / 12 GB,128 GB / 256 GB,50 MP + 50 MP + 8 MP,32 MP,5400 mAh,"Yes, 50W Quick Charging v4.0, 50% in 19 minutes","6.78"", 1224 x 2720 Resolution",Flexible AMOLED,1224x2720 px (FHD+),"SIM1: Nano, SIM2: Nano","5G, 4G","Yes, v5.4",Yes,product+list,31999.0
Nothing Phone 4a Pro,https://www.91mobiles.com/nothing-phone-4a-pro-price-in-india,nothing,41300,05-Mar-26,Android v16,Qualcomm Snapdragon 7 Gen 4 SM7750-AB,8 GB / 12 GB,128 GB / 256 GB,50 MP + 50 MP + 8 MP,32 MP,5400 mAh,"Yes, 50W, 100% in 64 minutes","6.83"", 1260 x 2800 Resolution",AMOLED,1260x2800 px (FHD+),"SIM1: Nano, SIM2: Nano","5G, 4G","Yes, v5.4",Yes,product+list,41299.0
Nothing Phone 3a,https://www.91mobiles.com/nothing-phone-3a-price-in-india,nothing,24999,11-Mar-25,Android v15,Qualcomm Snapdragon 7s Gen 3,8 GB,128 GB / 256 GB,50 MP + 8 MP + 50 MP,32 MP,5000 mAh,"Yes, 50W Fast Charging, 50% in 19 minutes","6.77"", 1080 x 2392 Resolution",Flexible AMOLED,1080x2392 px (FHD+),"SIM1: Nano, SIM2: Nano","5G, 4G","Yes, v5.4",Yes,product+list,24999.0
Nothing Phone 3a Pro,https://www.91mobiles.com/nothing-phone-3a-pro-price-in-india,nothing,27999,11-Mar-25,Android v15,Qualcomm Snapdragon 7s Gen 3,8 GB / 12 GB,128 GB / 256 GB,50 MP + 8 MP + 50 MP,50 MP,5000 mAh,"Yes, 50W Fast Charging, 50% in 19 minutes","6.77"", 1080 x 2392 Resolution",Flexible AMOLED,1080x2392 px (FHD+),"SIM1: Nano, SIM2: Nano","5G, 4G","Yes, v5.4",Yes,product+list,27999.0
Nothing Phone 3a Lite,https://www.91mobiles.com/nothing-phone-3a-lite-price-in-india,nothing,21578,27-Nov-25,Android v15,MediaTek Dimensity 7300 Pro,8 GB,128 GB / 256 GB,50 MP + 8 MP + 2 MP,16 MP,5000 mAh,"Yes, 33W Fast Charging, 50% in 20 minutes","6.77"", 1080 x 2392 Resolution",AMOLED,1080x2392 px (FHD+),"SIM1: Nano, SIM2: Nano","5G, 4G","Yes, v5.3",No,product+list,21578.0
Nothing Phone 2a Plus,https://www.91mobiles.com/nothing-phone-2a-plus-price-in-india,nothing,20990,07-Aug-24,Android v14,MediaTek Dimensity 7350 Pro,8 GB / 12 GB,256 GB,50 MP + 50 MP,50 MP,5000 mAh,"Yes, 50W Fast Charging, 50% in 21 minutes","6.7"", 1084 x 2412 Resolution",Flexible AMOLED,1084x2412 px (FHD+),"SIM1: Nano, SIM2: Nano","5G, 4G","Yes, v5.3",Yes,product+list,20990.0
Nothing Phone 3a Lite 256GB,https://www.91mobiles.com/nothing-phone-3a-lite-256gb-price-in-india,nothing,23990,27-Nov-25,Android v15,MediaTek Dimensity 7300 Pro,8 GB,128 GB / 256 GB,50 MP + 8 MP + 2 MP,16 MP,5000 mAh,"Yes, 33W Fast Charging, 50% in 20 minutes","6.77"", 1080 x 2392 Resolution",AMOLED,1080x2392 px (FHD+),"SIM1: Nano, SIM2: Nano","5G, 4G","Yes, v5.3",No,product+list,23990.0
Nothing Phone 4a Pro 256GB,https://www.91mobiles.com/nothing-phone-4a-pro-256gb-price-in-india,nothing,42559,05-Mar-26,Android v16,Qualcomm Snapdragon 7 Gen 4 SM7750-AB,8 GB / 12 GB,128 GB / 256 GB,50 MP + 50 MP + 8 MP,32 MP,5400 mAh,"Yes, 50W, 100% in 64 minutes","6.83"", 1260 x 2800 Resolution",AMOLED,1260x2800 px (FHD+),"SIM1: Nano, SIM2: Nano","5G, 4G","Yes, v5.4",Yes,product+list,42559.0
Nothing Phone 4a 12GB RAM,https://www.91mobiles.com/nothing-phone-4a-12gb-ram-price-in-india,nothing,36085,05-Mar-26,Android v16,Qualcomm Snapdragon 7s Gen 4 SM7635-AC,8 GB / 12 GB,128 GB / 256 GB,50 MP + 50 MP + 8 MP,32 MP,5400 mAh,"Yes, 50W Quick Charging v4.0, 50% in 19 minutes","6.78"", 1224 x 2720 Resolution",Flexible AMOLED,1224x2720 px (FHD+),"SIM1: Nano, SIM2: Nano","5G, 4G","Yes, v5.4",Yes,product+list,36085.0
Nothing Phone 3 512GB,https://www.91mobiles.com/nothing-phone-3-512gb-price-in-india,nothing,62999,15-Jul-25,Android v15,Qualcomm Snapdragon 8s Gen 4 SM8735,12 GB / 16 GB,256 GB / 512 GB,50 MP + 50 MP + 50 MP,50 MP,5150 mAh,"Yes, 65W Fast Charging v4.0","6.67"", 1260 x 2800 Resolution",Flexible AMOLED,1260x2800 px (FHD+),"SIM1: Nano, SIM2: eSIM","5G, 4G","Yes, v6.0",Yes,product+list,62999.0
Nothing Phone 3a Pro 256GB,https://www.91mobiles.com/nothing-phone-3a-pro-256gb-price-in-india,nothing,29999,11-Mar-25,Android v15,Qualcomm Snapdragon 7s Gen 3,8 GB / 12 GB,128 GB / 256 GB,50 MP + 8 MP + 50 MP,50 MP,5000 mAh,"Yes, 50W Fast Charging, 50% in 19 minutes","6.77"", 1080 x 2392 Resolution",Flexible AMOLED,1080x2392 px (FHD+),"SIM1: Nano, SIM2: Nano","5G, 4G","Yes, v5.4",Yes,product+list,29999.0
Nothing Phone 2a 256GB,https://www.91mobiles.com/nothing-phone-2a-256gb-price-in-india,nothing,24999,12-Mar-24,Android v14,MediaTek Dimensity 7200 Pro MT6886,8 GB / 12 GB,128 GB / 256 GB,50 MP + 50 MP,32 MP,5000 mAh,"Yes, 45W Fast Charging, 50% in 23 minutes","6.7"", 1084 x 2412 Resolution",Flexible AMOLED,1084x2412 px (FHD+),"SIM1: Nano, SIM2: Nano","5G, 4G","Yes, v5.3",Yes,product+list,24999.0
Nothing Phone 3a 256GB,https://www.91mobiles.com/nothing-phone-3a-256gb-price-in-india,nothing,26999,11-Mar-25,Android v15,Qualcomm Snapdragon 7s Gen 3,8 GB,128 GB / 256 GB,50 MP + 8 MP + 50 MP,32 MP,5000 mAh,"Yes, 50W Fast Charging, 50% in 19 minutes","6.77"", 1080 x 2392 Resolution",Flexible AMOLED,1080x2392 px (FHD+),"SIM1: Nano, SIM2: Nano","5G, 4G","Yes, v5.4",Yes,product+list,26999.0
Nothing Phone 4a 256GB,https://www.91mobiles.com/nothing-phone-4a-256gb-price-in-india,nothing,34689,05-Mar-26,Android v16,Qualcomm Snapdragon 7s Gen 4 SM7635-AC,8 GB / 12 GB,128 GB / 256 GB,50 MP + 50 MP + 8 MP,32 MP,5400 mAh,"Yes, 50W Quick Charging v4.0, 50% in 19 minutes","6.78"", 1224 x 2720 Resolution",Flexible AMOLED,1224x2720 px (FHD+),"SIM1: Nano, SIM2: Nano","5G, 4G","Yes, v5.4",Yes,product+list,34689.0
Nothing Phone 2a 12GB RAM,https://www.91mobiles.com/nothing-phone-2a-12gb-ram-price-in-india,nothing,27999,12-Mar-24,Android v14,MediaTek Dimensity 7200 Pro MT6886,8 GB / 12 GB,128 GB / 256 GB,50 MP + 50 MP,32 MP,5000 mAh,"Yes, 45W Fast Charging, 50% in 23 minutes","6.7"", 1084 x 2412 Resolution",Flexible AMOLED,1084x2412 px (FHD+),"SIM1: Nano, SIM2: Nano","5G, 4G","Yes, v5.3",Yes,product+list,27999.0
Nothing Phone 3a Pro 12GB RAM,https://www.91mobiles.com/nothing-phone-3a-pro-12gb-ram-price-in-india,nothing,34999,11-Mar-25,Android v15,Qualcomm Snapdragon 7s Gen 3,8 GB / 12 GB,128 GB / 256 GB,50 MP + 8 MP + 50 MP,50 MP,5000 mAh,"Yes, 50W Fast Charging, 50% in 19 minutes","6.77"", 1080 x 2392 Resolution",Flexible AMOLED,1080x2392 px (FHD+),"SIM1: Nano, SIM2: Nano","5G, 4G","Yes, v5.4",Yes,product+list,34999.0
Nothing Phone 2a,https://www.91mobiles.com/nothing-phone-2a-price-in-india,nothing,23999,12-Mar-24,Android v14,MediaTek Dimensity 7200 Pro MT6886,8 GB / 12 GB,128 GB / 256 GB,50 MP + 50 MP,32 MP,5000 mAh,"Yes, 45W Fast Charging, 50% in 23 minutes","6.7"", 1084 x 2412 Resolution",Flexible AMOLED,1084x2412 px (FHD+),"SIM1: Nano, SIM2: Nano","5G, 4G","Yes, v5.3",Yes,product+list,23999.0
Nothing Phone 2 256GB,https://www.91mobiles.com/nothing-phone-2-256gb-price-in-india,nothing,38999,26-Jun-23,Android v13,Qualcomm Snapdragon 8 Plus Gen 1,8 GB / 12 GB,128 GB / 256 GB / 512 GB,50 MP + 50 MP,32 MP,4700 mAh,"Yes, 45W Fast Charging, 100% in 55 minutes","6.7"", 1080 x 2412 Resolution",LTPO AMOLED,1080x2412 px (FHD+),"SIM1: Nano, SIM2: Nano","5G, 4G","Yes, v5.3",Yes,product+list,38999.0
Nothing Phone 3,https://www.91mobiles.com/nothing-phone-3-price-in-india,nothing,54999,15-Jul-25,Android v15,Qualcomm Snapdragon 8s Gen 4 SM8735,12 GB / 16 GB,256 GB / 512 GB,50 MP + 50 MP + 50 MP,50 MP,5150 mAh,"Yes, 65W Fast Charging v4.0","6.67"", 1260 x 2800 Resolution",Flexible AMOLED,1260x2800 px (FHD+),"SIM1: Nano, SIM2: eSIM","5G, 4G","Yes, v6.0",Yes,product+list,54999.0
iQOO 15R,https://www.91mobiles.com/iqoo-15r-price-in-india,iqoo,44999,24-Feb-26,Android v16,Qualcomm Snapdragon 8 Gen 5 SM8845,8 GB / 12 GB,256 GB / 512 GB,50 MP + 8 MP,32 MP,7600 mAh,"Yes, 100W Super Flash Charging","6.59"", 1260 x 2750 Resolution",AMOLED,1260x2750 px (FHD+),"SIM1: Nano, SIM2: Nano","5G, 4G","Yes, v6.0",Yes,product+list,44999.0
iQOO Neo 10R,https://www.91mobiles.com/iqoo-neo-10r-price-in-india,iqoo,30259,11-Mar-25,Android v15,Qualcomm Snapdragon 8s Gen 3,8 GB / 12 GB,128 GB / 256 GB,50 MP + 8 MP,32 MP,6400 mAh,"Yes, 80W Flash Charging, 50% in 26 minutes","6.78"", 1260 x 2800 Resolution",AMOLED,1260x2800 px (FHD+),"SIM1: Nano, SIM2: Nano","5G, 4G","Yes, v5.4",No,product+list,30259.0
iQOO Z10,https://www.91mobiles.com/iqoo-z10-price-in-india,iqoo,24999,16-Apr-25,Android v15,Qualcomm Snapdragon 7s Gen 3,8 GB / 12 GB,128 GB / 256 GB,50 MP + 2 MP,32 MP,7300 mAh,"Yes, 90W Flash Charging, 50% in 33 minutes","6.77"", 1080 x 2392 Resolution",AMOLED (Curved Display),1080x2392 px (FHD+),"SIM1: Nano, SIM2: Nano","5G, 4G","Yes, v5.2",No,product+list,24999.0
iQOO 15,https://www.91mobiles.com/iqoo-15-price-in-india,iqoo,72999,01-Dec-25,Android v16,Qualcomm Snapdragon 8 Elite Gen 5 SM8850-AC,12 GB / 16 GB,256 GB / 512 GB,50 MP + 50 MP + 50 MP,32 MP,7000 mAh,"Yes, 100W Flash Charging","6.85"", 1440 x 3168 Resolution",AMOLED,1440x3168 px (QHD+),"SIM1: Nano, SIM2: eSIM","5G, 4G","Yes, v6.0",Yes,product+list,72999.0
iQOO Z10x,https://www.91mobiles.com/iqoo-z10x-price-in-india,iqoo,16999,22-Apr-25,Android v15,MediaTek Dimensity 7300,6 GB / 8 GB,128 GB / 256 GB,50 MP + 2 MP,8 MP,6500 mAh,"Yes, 44W Flash Charging, 50% in 40 minutes","6.72"", 1080 x 2408 Resolution",LCD,1080x2408 px (FHD+),"SIM1: Nano, SIM2: Nano","5G, 4G","Yes, v5.4",No,product+list,16999.0
iQOO Z10R,https://www.91mobiles.com/iqoo-z10r-price-in-india,iqoo,22999,24-Jul-25,Android v15,MediaTek Dimensity 7400 MT6878,8 GB / 12 GB,128 GB / 256 GB,50 MP + 2 MP,32 MP,5700 mAh,"Yes, 44W Flash Charging, 100% in 78 minutes","6.77"", 1080 x 2392 Resolution",AMOLED (Curved Display),1080x2392 px (FHD+),"SIM1: Nano, SIM2: Nano","5G, 4G","Yes, v5.4",No,product+list,22999.0
iQOO Z10 Lite,https://www.91mobiles.com/iqoo-z10-lite-price-in-india,iqoo,12999,25-Jun-25,Android v15,MediaTek Dimensity 6300,4 GB / 6 GB / 8 GB,64 GB / 128 GB / 256 GB,50 MP + 2 MP,5 MP,6000 mAh,"Yes, 15W Fast Charging","6.74"", 720 x 1600 Resolution",LCD,720x1600 px (HD+),"SIM1: Nano, SIM2: Nano","5G, 4G","Yes, v5.4",No,product+list,12999.0
iQOO 15 Apex,https://www.91mobiles.com/iqoo-15-apex-price-in-india,iqoo,72999,01-Apr-26,Android v16,Qualcomm Snapdragon 8 Elite Gen 5 SM8850-AC,12 GB / 16 GB,256 GB / 512 GB,50 MP + 50 MP + 50 MP,32 MP,7000 mAh,"Yes, 100W Flash Charging","6.85"", 1440 x 3168 Resolution",AMOLED,1440x3168 px (QHD+),"SIM1: Nano, SIM2: Nano","5G, 4G","Yes, v6.0",Yes,product+list,72999.0
iQOO Neo 10R 256GB,https://www.91mobiles.com/iqoo-neo-10r-256gb-price-in-india,iqoo,33979,11-Mar-25,Android v15,Qualcomm Snapdragon 8s Gen 3,8 GB / 12 GB,128 GB / 256 GB,50 MP + 8 MP,32 MP,6400 mAh,"Yes, 80W Flash Charging, 50% in 26 minutes","6.78"", 1260 x 2800 Resolution",AMOLED,1260x2800 px (FHD+),"SIM1: Nano, SIM2: Nano","5G, 4G","Yes, v5.4",No,product+list,33989.0
iQOO 12 5G,https://www.91mobiles.com/iqoo-12-5g-price-in-india,iqoo,54999,13-Dec-23,Android v14,Qualcomm Snapdragon 8 Gen 3,12 GB / 16 GB,256 GB / 512 GB,50 MP + 50 MP + 64 MP,16 MP,5000 mAh,"Yes, 120W Flash Charging, 50% in 10 minutes","6.78"", 1260 x 2800 Resolution",AMOLED,1260x2800 px (FHD+),"SIM1: Nano, SIM2: Nano","5G, 4G","Yes, v5.4",Yes,product+list,54999.0
iQOO Neo 10 512GB,https://www.91mobiles.com/iqoo-neo-10-512gb-price-in-india,iqoo,43999,26-May-25,Android v15,Qualcomm Snapdragon 8s Gen 4,8 GB / 12 GB / 16 GB,128 GB / 256 GB / 512 GB,50 MP + 8 MP,32 MP,7000 mAh,"Yes, 120W Flash Charging, 50% in 19 minutes","6.78"", 1260 x 2800 Resolution",AMOLED,1260x2800 px (FHD+),"SIM1: Nano, SIM2: Nano","5G, 4G","Yes, v5.4",Yes,product+list,43999.0
iQOO 11 5G,https://www.91mobiles.com/iqoo-11-5g-price-in-india,iqoo,39999,12-Jan-23,Android v13,Qualcomm Snapdragon 8 Gen 2,8 GB / 16 GB,256 GB,50 MP + 13 MP + 8 MP,16 MP,5000 mAh,"Yes, 120W Flash Charging, 100% in 25 minutes","6.78"", 1440 x 3200 Resolution",AMOLED (Curved Display),1440x3200 px (QHD+),"SIM1: Nano, SIM2: Nano","5G, 4G","Yes, v5.3",Yes,product+list,39999.0
iQOO Z10 256GB,https://www.91mobiles.com/iqoo-z10-256gb-price-in-india,iqoo,26999,16-Apr-25,Android v15,Qualcomm Snapdragon 7s Gen 3,8 GB / 12 GB,128 GB / 256 GB,50 MP + 2 MP,32 MP,7300 mAh,"Yes, 90W Flash Charging, 50% in 33 minutes","6.77"", 1080 x 2392 Resolution",AMOLED (Curved Display),1080x2392 px (FHD+),"SIM1: Nano, SIM2: Nano","5G, 4G","Yes, v5.2",No,product+list,26999.0
POCO X8 Pro Max,https://www.91mobiles.com/poco-x8-pro-max-price-in-india,poco,42999,17-Mar-26,Android v16,MediaTek Dimensity 9500s,12 GB,256 GB / 512 GB,50 MP + 8 MP,20 MP,9000 mAh,"Yes, 100W Hyper Charging","6.83"", 2772 x 1280 Resolution",AMOLED,2772x1280 px (UHD (4k)),"SIM1: Nano, SIM2: Nano","5G, 4G","Yes, v5.4",Yes,product+list,42999.0
POCO X7 Pro,https://www.91mobiles.com/poco-x7-pro-price-in-india,poco,23999,14-Jan-25,Android v15,MediaTek Dimensity 8400 Ultra,8 GB / 12 GB,256 GB,50 MP + 8 MP,20 MP,6550 mAh,"Yes, 90W Turbo Charging","6.67"", 1220 x 2712 Resolution",AMOLED,1220x2712 px (FHD+),"SIM1: Nano, SIM2: Nano","5G, 4G","Yes, v5.4",Yes,product+list,23999.0
POCO M8,https://www.91mobiles.com/poco-m8-price-in-india,poco,17385,08-Jan-26,Android v15,Qualcomm Snapdragon 6 Gen 3,6 GB / 8 GB,128 GB / 256 GB,50 MP + 2 MP,20 MP,5520 mAh,"Yes, 45W Fast Charging","6.77"", 1080 x 2392 Resolution",Flow AMOLED,1080x2392 px (FHD+),"SIM1: Nano, SIM2: Nano (Hybrid)","5G, 4G","Yes, v5.1",Yes,product+list,17385.0
POCO F7,https://www.91mobiles.com/poco-f7-price-in-india,poco,35899,01-Jul-25,Android v15,Qualcomm Snapdragon 8s Gen 4,12 GB,256 GB / 512 GB,50 MP + 8 MP,20 MP,7550 mAh,"Yes, 90W Turbo Charging, 50% in 26 minutes","6.83"", 1280 x 2772 Resolution",AMOLED,1280x2772 px (FHD+),"SIM1: Nano, SIM2: Nano","5G, 4G","Yes, v6.0",Yes,product+list,35899.0
POCO M7 Plus,https://www.91mobiles.com/poco-m7-plus-price-in-india,poco,15449,13-Aug-25,Android v15,Qualcomm Snapdragon 6s Gen 3 SM6375,4 GB / 6 GB / 8 GB,128 GB,50 MP,8 MP,7000 mAh,"Yes, 33W Fast Charging, 50% in 40 minutes","6.9"", 1080 x 2340 Resolution",IPS LCD,1080x2340 px (FHD+),"SIM1: Nano, SIM2: Nano (Hybrid)","5G, 4G","Yes, v5.1",No,product+list,15449.0
POCO C85x,https://www.91mobiles.com/poco-c85x-price-in-india,poco,10999,10-Mar-26,Android v16,Unisoc T8300,4.0 GB,64 GB,32 MP,8 MP,6300 mAh,"Yes, 15W Fast Charging","6.9"", 1600 x 720 Resolution",LCD,1600x720 px (QHD (2k)),"SIM1: Nano, SIM2: Nano","5G, 4G","Yes, v5.4",No,product+list,10999.0
POCO M7,https://www.91mobiles.com/poco-m7-price-in-india,poco,12967,07-Mar-25,Android v14,Qualcomm Snapdragon 4 Gen 2,6 GB / 8 GB,128 GB,50 MP,8 MP,5160 mAh,"Yes, 18W Fast Charging","6.88"", 720 x 1640 Resolution",IPS LCD,720x1640 px (HD+),"SIM1: Nano, SIM2: Nano","5G, 4G","Yes, v5.0",No,product+list,12967.0
POCO C71,https://www.91mobiles.com/poco-c71-price-in-india,poco,8925,08-Apr-25,Android v15,Unisoc T7250,4 GB / 6 GB,64 GB / 128 GB,32 MP,8 MP,5200 mAh,"Yes, 15W Fast Charging","6.88"", 720 x 1640 Resolution",IPS LCD,720x1640 px (HD+),"SIM1: Nano, SIM2: Nano","5G Not Supported, 4G","Yes, v5.2",No,product+list,8925.0
POCO X7 Pro 12GB RAM,https://www.91mobiles.com/poco-x7-pro-12gb-ram-price-in-india,poco,25999,14-Jan-25,Android v15,MediaTek Dimensity 8400 Ultra,8 GB / 12 GB,256 GB,50 MP + 8 MP,20 MP,6550 mAh,"Yes, 90W Turbo Charging","6.67"", 1220 x 2712 Resolution",AMOLED,1220x2712 px (FHD+),"SIM1: Nano, SIM2: Nano","5G, 4G","Yes, v5.4",Yes,product+list,25999.0
POCO C75,https://www.91mobiles.com/poco-c75-price-in-india,poco,10749,19-Dec-24,Android v14,Qualcomm Snapdragon 4s Gen 2,4 GB,64 GB / 128 GB,50 MP,5 MP,5160 mAh,"Yes, 18W Fast Charging","6.88"", 720 x 1640 Resolution",IPS LCD,720x1640 px (HD+),"SIM1: Nano, SIM2: Nano","5G, 4G","Yes, v5.3",No,product+list,10749.0
POCO X6 Pro,https://www.91mobiles.com/poco-x6-pro-price-in-india,poco,26999,11-Jan-24,Android v14,MediaTek Dimensity 8300 Ultra,8 GB / 12 GB,256 GB / 512 GB,64 MP + 8 MP + 2 MP,16 MP,5000 mAh,"Yes, 67W Turbo Charging, 100% in 45 minutes","6.67"", 1220 x 2712 Resolution",AMOLED,1220x2712 px (FHD+),"SIM1: Nano, SIM2: Nano","5G, 4G","Yes, v5.4",Yes,product+list,26999.0
POCO F6,https://www.91mobiles.com/poco-f6-price-in-india,poco,33999,24-May-24,Android v14,Qualcomm Snapdragon 8s Gen 3,8 GB / 12 GB,256 GB / 512 GB,50 MP + 8 MP,20 MP,5000 mAh,"Yes, 90W Turbo Charging, 50% in 11 minutes","6.67"", 1220 x 2712 Resolution",AMOLED,1220x2712 px (FHD+),"SIM1: Nano, SIM2: Nano","5G, 4G","Yes, v5.4",Yes,product+list,33999.0
POCO X6 Neo,https://www.91mobiles.com/poco-x6-neo-price-in-india,poco,18999,13-Mar-24,Android v13,MediaTek Dimensity 6080,8 GB / 12 GB,128 GB / 256 GB,108 MP + 2 MP,16 MP,5000 mAh,"Yes, 33W Fast Charging","6.67"", 1080 x 2400 Resolution",AMOLED,1080x2400 px (FHD+),"SIM1: Nano, SIM2: Nano (Hybrid)","5G, 4G","Yes, v5.3",No,product+list,18999.0
POCO M6 Plus,https://www.91mobiles.com/poco-m6-plus-price-in-india,poco,15499,02-Aug-24,Android v14,Qualcomm Snapdragon 4 Gen 2 Accelerated Edition,6 GB / 8 GB,128 GB,108 MP + 2 MP,13 MP,5030 mAh,"Yes, 33W Fast Charging","6.79"", 1080 x 2400 Resolution",LCD,1080x2400 px (FHD+),"SIM1: Nano, SIM2: Nano (Hybrid)","5G, 4G","Yes, v5.0",No,product+list,15499.0
Infinix GT 30 Pro,https://www.91mobiles.com/infinix-gt-30-pro-price-in-india,infinix,27499,12-Jun-25,Android v15,MediaTek Dimensity 8350 Ultimate,8 GB / 12 GB,256 GB,108 MP + 8 MP,13 MP,5500 mAh,"Yes, 45W Fast Charging","6.78"", 1224 x 2720 Resolution",LTPS AMOLED,1224x2720 px (FHD+),"SIM1: Nano, SIM2: Nano","5G, 4G","Yes, v5.4",Yes,product+list,27499.0
Infinix Note 50s 5G+,https://www.91mobiles.com/infinix-note-50s-price-in-india,infinix,18999,24-Apr-25,Android v15,MediaTek Dimensity 7300 Ultimate,6 GB / 8 GB,128 GB / 256 GB,64 MP + 2 MP,13 MP,5500 mAh,"Yes, 45W Fast Charging v3.0, 100% in 60 minutes","6.78"", 1080 x 2436 Resolution",AMOLED (Curved Display),1080x2436 px (FHD+),"SIM1: Nano, SIM2: Nano","5G, 4G","Yes, v5.4",No,product+list,18999.0
Infinix Note Edge,https://www.91mobiles.com/infinix-note-edge-price-in-india,infinix,22999,18-Feb-26,Android v16,MediaTek Dimensity 7100,6 GB / 8 GB,128 GB / 256 GB,50 MP,13 MP,6500 mAh,"Yes, 45W, 50% in 27 minutes","6.78"", 1208 x 2644 Resolution",LTPS AMOLED,1208x2644 px (FHD+),"SIM1: Nano, SIM2: Nano","5G, 4G","Yes, v5.4",Yes,product+list,22999.0
Infinix GT 30,https://www.91mobiles.com/infinix-gt-30-price-in-india,infinix,19499,14-Aug-25,Android v15,MediaTek Dimensity 7400,8 GB,128 GB / 256 GB,64 MP + 8 MP,13 MP,5500 mAh,"Yes, 45W Fast Charging","6.78"", 1224 x 2720 Resolution",LTPS AMOLED,1224x2720 px (FHD+),"SIM1: Nano, SIM2: Nano","5G, 4G","Yes, v5.4",No,product+list,19499.0
Infinix Note 40 Pro 5G,https://www.91mobiles.com/infinix-note-40-pro-5g-price-in-india,infinix,21999,12-Apr-24,Android v14,MediaTek Dimensity 7020,8 GB,256 GB,108 MP + 2 MP + 2 MP,32 MP,5000 mAh,"Yes, 45W Fast Charging v2.0, 50% in 26 minutes","6.78"", 1080 x 2436 Resolution",Flexible AMOLED (Curved Display),1080x2436 px (FHD+),"SIM1: Nano, SIM2: Nano","5G, 4G","Yes, v5.3",Yes,product+list,21999.0
Infinix Zero 40,https://www.91mobiles.com/infinix-zero-40-price-in-india,infinix,27999,21-Sep-24,Android v14,MediaTek Dimensity 8200 Ultimate,12 GB,256 GB / 512 GB,108 MP + 50 MP + 2 MP,50 MP,5000 mAh,"Yes, 45W Fast Charging, 60% in 25 minutes","6.78"", 1080 x 2436 Resolution",AMOLED (Curved Display),1080x2436 px (FHD+),"SIM1: Nano, SIM2: Nano","5G, 4G","Yes, v5.2",Yes,product+list,27999.0
Infinix Note 40 5G,https://www.91mobiles.com/infinix-note-40-5g-price-in-india,infinix,19999,26-Jun-24,Android v14,MediaTek Dimensity 7020,8 GB,256 GB,108 MP + 2 MP + 2 MP,32 MP,5000 mAh,"Yes, 33W Fast Charging v2.0, 50% in 31 minutes","6.78"", 1080 x 2436 Resolution",Flexible AMOLED (Curved Display),1080x2436 px (FHD+),"SIM1: Nano, SIM2: Nano","5G, 4G",Yes,Yes,product+list,19999.0
Infinix Note Edge 8GB RAM,https://www.91mobiles.com/infinix-note-edge-8gb-ram-price-in-india,infinix,24999,18-Feb-26,Android v16,MediaTek Dimensity 7100,6 GB / 8 GB,128 GB / 256 GB,50 MP,13 MP,6500 mAh,"Yes, 45W, 50% in 27 minutes","6.78"", 1208 x 2644 Resolution",LTPS AMOLED,1208x2644 px (FHD+),"SIM1: Nano, SIM2: Nano","5G, 4G","Yes, v5.4",Yes,product+list,24999.0
Infinix Note 40X 12GB RAM,https://www.91mobiles.com/infinix-note-40x-12gb-ram-price-in-india,infinix,15999,09-Aug-24,Android v14,MediaTek Dimensity 6300,8 GB / 12 GB,256 GB,108 MP + 2 MP,8 MP,5000 mAh,"Yes, 18W Fast Charging","6.78"", 1080 x 2460 Resolution",IPS LCD,1080x2460 px (FHD+),"SIM1: Nano, SIM2: Nano","5G, 4G","Yes, v5.2",Yes,product+list,15999.0
Infinix Note 50s 6GB RAM,https://www.91mobiles.com/infinix-note-50s-6gb-ram-price-in-india,infinix,21699,23-Jun-25,Android v15,MediaTek Dimensity 7300 Ultimate,6 GB / 8 GB,128 GB / 256 GB,64 MP + 2 MP,13 MP,5500 mAh,"Yes, 45W Fast Charging v3.0, 100% in 60 minutes","6.78"", 1080 x 2436 Resolution",AMOLED (Curved Display),1080x2436 px (FHD+),"SIM1: Nano, SIM2: Nano","5G, 4G","Yes, v5.4",No,product+list,21699.0
Infinix Zero 5G,https://www.91mobiles.com/infinix-zero-5g-price-in-india,infinix,17990,18-Feb-22,Android v11,MediaTek Dimensity 900 MT6877,8 GB,128 GB,48 MP + 13 MP + 2 MP,16 MP,5000 mAh,"Yes, 33W Fast Charging","6.78"", 1080 x 2460 Resolution",IPS LCD,1080x2460 px (FHD+),"SIM1: Nano, SIM2: Nano","5G, 4G","Yes, v5.0",No,product+list,17990.0
Infinix GT 30 256GB,https://www.91mobiles.com/infinix-gt-30-256gb-price-in-india,infinix,20999,08-Aug-25,Android v15,MediaTek Dimensity 7400,8 GB,128 GB / 256 GB,64 MP + 8 MP,13 MP,5500 mAh,"Yes, 45W Fast Charging","6.78"", 1224 x 2720 Resolution",LTPS AMOLED,1224x2720 px (FHD+),"SIM1: Nano, SIM2: Nano","5G, 4G","Yes, v5.4",No,product+list,20999.0
Infinix GT 30 Pro 12GB RAM,https://www.91mobiles.com/infinix-gt-30-pro-12gb-ram-price-in-india,infinix,29999,12-Jun-25,Android v15,MediaTek Dimensity 8350 Ultimate,8 GB / 12 GB,256 GB,108 MP + 8 MP,13 MP,5500 mAh,"Yes, 45W Fast Charging","6.78"", 1224 x 2720 Resolution",LTPS AMOLED,1224x2720 px (FHD+),"SIM1: Nano, SIM2: Nano","5G, 4G","Yes, v5.4",Yes,product+list,29999.0
Tecno Pova Curve 2,https://www.91mobiles.com/tecno-pova-curve-2-price-in-india,tecno,26299,13-Feb-26,Android v16,MediaTek Dimensity 7100,8 GB,128 GB / 256 GB,50 MP + 2 MP,13 MP,8000 mAh,"Yes, 45W Fast Charging","6.78"", 1080 x 2364 Resolution",AMOLED (Curved Display),1080x2364 px (FHD+),"SIM1: Nano, SIM2: Nano","5G, 4G","Yes, v5.4",Yes,product+list,26299.0
Tecno Pova Slim,https://www.91mobiles.com/tecno-pova-slim-price-in-india,tecno,19999,04-Sep-25,Android v15,MediaTek Dimensity 6400,8 GB,128 GB,50 MP + 2 MP,13 MP,5160 mAh,"Yes, 45W Fast Charging, 100% in 55 minutes","6.78"", 1224 x 2720 Resolution",AMOLED (Curved Display),1260x2800 px (FHD+),"SIM1: Nano, SIM2: Nano","5G, 4G","Yes, v5.4",No,product+list,19999.0
Tecno Pova 7 Pro 5G,https://www.91mobiles.com/tecno-pova-7-pro-price-in-india,tecno,17299,10-Jul-25,Android v15,MediaTek Dimensity 7300 Ultimate MT6878,8 GB,128 GB / 256 GB,64 MP + 8 MP,13 MP,6000 mAh,"Yes, 45W Fast Charging, 50% in 33 minutes","6.78"", 1224 x 2720 Resolution",AMOLED,1224x2720 px (FHD+),"SIM1: Nano, SIM2: Nano","5G, 4G","Yes, v5.4",Yes,product+list,17299.0
Tecno Camon 30 Premier 5G,https://www.91mobiles.com/tecno-camon-30-premier-5g-price-in-india,tecno,34990,20-May-24,Android v14,MediaTek Dimensity 8200,12 GB,512 GB,50 MP + 50 MP + 50 MP,50 MP,5000 mAh,"Yes, 70W Flash Charging, 50% in 19 minutes","6.77"", 1264 x 2780 Resolution",LTPO AMOLED,1264x2780 px (FHD+),"SIM1: Nano, SIM2: Nano","5G, 4G","Yes, v5.2",Yes,product+list,34990.0
Tecno Pova 7 Pro 5G 256GB,https://www.91mobiles.com/tecno-pova-7-pro-256gb-price-in-india,tecno,19299,10-Jul-25,Android v15,MediaTek Dimensity 7300 Ultimate MT6878,8 GB,128 GB / 256 GB,64 MP + 8 MP,13 MP,6000 mAh,"Yes, 45W Fast Charging, 50% in 33 minutes","6.78"", 1224 x 2720 Resolution",AMOLED,1224x2720 px (FHD+),"SIM1: Nano, SIM2: Nano","5G, 4G","Yes, v5.4",Yes,product+list,19299.0
Tecno Pova Curve 256GB 8GB RAM,https://www.91mobiles.com/tecno-pova-curve-256gb-8gb-ram-price-in-india,tecno,19999,06-Aug-25,Android v15,MediaTek Dimensity 7300 Ultimate,6 GB / 8 GB,128 GB / 256 GB,64 MP,13 MP,5500 mAh,"Yes, 45W Fast Charging, 50% in 15 minutes","6.78"", 1080 x 2436 Resolution",AMOLED (Curved Display),1080x2436 px (FHD+),"SIM1: Nano, SIM2: Nano","5G, 4G","Yes, v5.4",Yes,product+list,19999.0
Tecno Pop 9 128GB,https://www.91mobiles.com/tecno-pop-9-128gb-price-in-india,tecno,9799,24-Sep-24,Android v14,MediaTek Dimensity 6300,4 GB / 8 GB,64 GB / 128 GB,48 MP,8 MP,5000 mAh,"Yes, 18W Fast Charging","6.67"", 720 x 1600 Resolution",IPS LCD,720x1600 px (HD+),"SIM1: Nano, SIM2: Nano","5G, 4G","Yes, v5.1",Yes,product+list,9799.0
Tecno Pova Curve 2 256GB,https://www.91mobiles.com/tecno-pova-curve-2-256gb-price-in-india,tecno,31999,13-Feb-26,Android v16,MediaTek Dimensity 7100,8 GB,128 GB / 256 GB,50 MP + 2 MP,13 MP,8000 mAh,"Yes, 45W Fast Charging","6.78"", 1080 x 2364 Resolution",AMOLED (Curved Display),1080x2364 px (FHD+),"SIM1: Nano, SIM2: Nano","5G, 4G","Yes, v5.2",No,product+list,31999.0
Tecno Pova 5 Pro,https://www.91mobiles.com/tecno-pova-5-pro-price-in-india,tecno,19990,22-Aug-23,Android v13,MediaTek Dimensity 6080 MT6833,8 GB,128 GB / 256 GB,50 MP + 0.08 MP,16 MP,5000 mAh,"Yes, 68W Flash Charging, 50% in 15 minutes","6.78"", 1080 x 2460 Resolution",IPS LCD,1080x2460 px (FHD+),"SIM1: Nano, SIM2: Nano","5G, 4G","Yes, v5.1",Yes,product+list,19990.0
Tecno Pova Curve 8GB RAM,https://www.91mobiles.com/tecno-pova-curve-8gb-ram-price-in-india,tecno,18999,05-Jun-25,Android v15,MediaTek Dimensity 7300 Ultimate,6 GB / 8 GB,128 GB / 256 GB,64 MP,13 MP,5500 mAh,"Yes, 45W Fast Charging, 50% in 15 minutes","6.78"", 1080 x 2436 Resolution",AMOLED (Curved Display),1080x2436 px (FHD+),"SIM1: Nano, SIM2: Nano","5G, 4G","Yes, v5.4",Yes,product+list,18999.0
Tecno Spark 30C 128GB,https://www.91mobiles.com/tecno-spark-30c-128gb-price-in-india,tecno,10499,08-Oct-24,Android v14,MediaTek Dimensity 6300,4 GB / 8 GB,64 GB / 128 GB,48 MP,8 MP,5000 mAh,"Yes, 18W Fast Charging","6.67"", 720 x 1600 Resolution",IPS LCD,720x1600 px (HD+),"SIM1: Nano, SIM2: Nano","5G, 4G","Yes, v5.1",Yes,product+list,10499.0
Tecno Spark 20 Pro 5G,https://www.91mobiles.com/tecno-spark-20-pro-5g-price-in-india,tecno,15890,11-Jul-24,Android v14,MediaTek Dimensity 6080,8 GB,128 GB / 256 GB,108 MP + 2 MP,8 MP,5000 mAh,"Yes, 33W Flash Charging, 50% in 32 minutes","6.78"", 1080 x 2460 Resolution",LTPS LCD,1080x2460 px (FHD+),"SIM1: Nano, SIM2: Nano","5G, 4G","Yes, v5.3",Yes,product+list,15890.0
Tecno Spark 10 5G 128GB,https://www.91mobiles.com/tecno-spark-10-5g-128gb-price-in-india,tecno,13800,31-Mar-23,Android v13,MediaTek Dimensity 6020,4 GB / 8 GB,64 GB / 128 GB / 256 GB,50 MP + 0.08 MP,8 MP,5000 mAh,"Yes, 18W Flash Charging, 50% in 50 minutes","6.6"", 720 x 1612 Resolution",IPS LCD,720x1612 px (HD+),"SIM1: Nano, SIM2: Nano","5G, 4G","Yes, v5.0",No,product+list,13800.0
Tecno Pova 7 5G,https://www.91mobiles.com/tecno-pova-7-price-in-india,tecno,14999,10-Jul-25,Android v15,MediaTek Dimensity 7300 Ultimate MT6878,8 GB,128 GB / 256 GB,50 MP,13 MP,6000 mAh,"Yes, 45W Fast Charging","6.78"", 1080 x 2460 Resolution",LTPS IPS,1080x2460 px (FHD+),"SIM1: Nano, SIM2: Nano (Hybrid)","5G, 4G","Yes, v5.4",Yes,product+list,14999.0
Lava Agni 4,https://www.91mobiles.com/lava-agni-4-price-in-india,lava,24999,20-Nov-25,Android v15,MediaTek Dimensity 8350 MT6897,8 GB,256 GB,50 MP + 8 MP,50 MP,5000 mAh,"Yes, 66W Super Fast Charging, 50% in 19 minutes","6.67"", 1220 x 2712 Resolution",AMOLED,1220x2712 px (FHD+),"SIM1: Nano, SIM2: Nano","5G, 4G","Yes, v5.4",No,product+list,24999.0
Lava Play Ultra,https://www.91mobiles.com/lava-play-ultra-price-in-india,lava,18999,20-Aug-25,Android v15,MediaTek Dimensity 7300 MT6878,6 GB / 8 GB,128 GB,64 MP + 5 MP,13 MP,5000 mAh,"Yes, 33W Fast Charging, 100% in 83 minutes","6.67"", 1080 x 2400 Resolution",AMOLED,1080x2400 px (FHD+),"SIM1: Nano, SIM2: Nano (Hybrid)","5G, 4G","Yes, v5.2",No,product+list,18999.0
Lava Blaze Duo 3,https://www.91mobiles.com/lava-blaze-duo-3-price-in-india,lava,17999,19-Jan-26,Android v15,MediaTek Dimensity 7060,6 GB,128 GB,50 MP + 0.3 MP,8 MP,5000 mAh,"Yes, 33W, 50% in 35 minutes","6.67"", 1080 x 2400 Resolution",AMOLED,1080x2400 px (FHD),"SIM1: Nano, SIM2: Nano (Hybrid)","5G, 4G","Yes, v5.2",No,product+list,17999.0
Lava Bold N2,https://www.91mobiles.com/lava-bold-n2-price-in-india,lava,8199,17-Feb-26,Android v15,Unisoc 9863A,4 GB,64 GB,13 MP + 2 MP,5 MP,5000 mAh,"Yes, 10W","6.75"", 720 x 1600 Resolution",IPS LCD,720x1600 px (HD+),"SIM1: Nano, SIM2: Nano","5G Not Supported, 4G","Yes, v4.2",No,product+list,8199.0
Lava Blaze Amoled 2,https://www.91mobiles.com/lava-blaze-amoled-2-price-in-india,lava,14999,11-Aug-25,Android v15,MediaTek Dimensity 7060,6 GB,128 GB,50 MP,8 MP,5000 mAh,"Yes, 33W Fast Charging, 50% in 35 minutes","6.67"", 1080 x 2400 Resolution",AMOLED,1080x2400 px (FHD+),"SIM1: Nano, SIM2: Nano (Hybrid)","5G, 4G","Yes, v5.2",No,product+list,14999.0
Lava Bold N1 Pro,https://www.91mobiles.com/lava-bold-n1-pro-price-in-india,lava,8499,02-Jun-25,Android v14,Unisoc T606,4 GB,128 GB,50 MP,8 MP,5000 mAh,"Yes, 18W Fast Charging","6.67"", 720 x 1600 Resolution",IPS LCD,720x1600 px (HD+),"SIM1: Nano, SIM2: Nano","5G Not Supported, 4G","Yes, v5.0",No,product+list,8499.0
Lava Play Max,https://www.91mobiles.com/lava-play-max-price-in-india,lava,14999,09-Dec-25,Android v15,MediaTek Dimensity 7300,6 GB,128 GB,50 MP,8 MP,5000 mAh,"Yes, 33W Fast Charging, 100% in 83 minutes","6.72"", 1080 x 2400 Resolution",LCD,1080x2400 px (FHD+),"SIM1: Nano, SIM2: Nano (Hybrid)","5G, 4G","Yes, v5.2",No,product+list,14999.0
Lava Storm Play 256GB 8GB RAM,https://www.91mobiles.com/lava-storm-play-256gb-8gb-ram-price-in-india,lava,13499,05-Aug-25,Android v15,MediaTek Dimensity 7060,6 GB / 8 GB,128 GB / 256 GB,50 MP + 2 MP,8 MP,5000 mAh,"Yes, 18W Fast Charging","6.75"", 720 x 1600 Resolution",IPS LCD,720x1600 px (HD+),"SIM1: Nano, SIM2: Nano (Hybrid)","5G, 4G","Yes, v5.2",No,product+list,13499.0
Lava Blaze Dragon,https://www.91mobiles.com/lava-blaze-dragon-price-in-india,lava,11499,25-Jul-25,Android v15,Qualcomm Snapdragon 4 Gen 2 SM4450,4 GB / 6 GB,128 GB,50 MP,8 MP,5000 mAh,"Yes, 18W Fast Charging","6.74"", 720 x 1612 Resolution",IPS LCD,720x1612 px (HD+),"SIM1: Nano, SIM2: Nano (Hybrid)","5G, 4G","Yes, v5.1",No,product+list,11499.0
Lava Shark 2,https://www.91mobiles.com/lava-shark-2-price-in-india,lava,8699,27-Oct-25,Android v15,Unisoc T7250,4 GB,64 GB,50 MP,8 MP,5000 mAh,"Yes, 18W Fast Charging","6.75"", 720 x 1600 Resolution",LCD,720x1600 px (HD+),"SIM1: Nano, SIM2: Nano","5G Not Supported, 4G","Yes, v5.2",No,product+list,8699.0
Lava Blaze Pro 5G,https://www.91mobiles.com/lava-blaze-pro-5g-price-in-india,lava,12998,03-Oct-23,Android v13,MediaTek Dimensity 6020 MT6833,8 GB,128 GB,50 MP,8 MP,5000 mAh,"Yes, 33W Fast Charging","6.78"", 1080 x 2460 Resolution",IPS LCD,1080x2460 px (FHD+),"SIM1: Nano, SIM2: Nano","5G, 4G","Yes, v5.0",No,product+list,12998.0
